text,label
palamente e teng,1
lekgotla o dira kgalefo,0
ditshwanelo e teng,1
Batho ba siame kgethololo,2
ditshwanelo e thabo thata,2
Re thabo ka molao,2
thulaganyo e itumelela thata,2
Ke bona tokololo,1
Ke mathata modulasetilo,0
Batho ba boammaaruri kgethololo,2
molao e sentle thata,2
mmuso e itumelela thata,2
Re kgotla ka thulaganyo,2
Ke boitumelo lekgotla,2
Re itumelela ka tokololo,2
Re tlhokafalo ka palamente,0
Batho ba bua ka batho,1
Ke bona batho,1
Batho ba bua ka kgethololo,1
Batho ba kgotla boitekanelo,2
Batho ba boammaaruri tonakgolo,2
Re itse tokololo,1
tonakgolo e boferefere thata,0
tokololo o dira tlhong,0
Batho ba hutsafala puso,0
Ke tshiamo modulasetilo,2
Ke bona palamente,1
palamente e bosula thata,0
ditshwanelo e kgatelelo thata,0
Batho ba itumelela tonakgolo,2
modulasetilo o dira boikepo,0
batho e botlhoko thata,0
Re kgalefo ka thuto,0
Batho ba bua ka boitekanelo,1
Re itse mmuso,1
modulasetilo e maswe thata,0
ikonomi e teng,1
Re boitumelo ka ditshwanelo,2
Re boammaaruri ka mmuso,2
Ke bona dikgethololo,1
Batho ba bua ka puso,1
palamente o dira pabalesego,2
Re kutlwelobotlhoko ka ikonomi,2
boitekanelo o kae,1
tshiamelo e teng,1
boitekanelo e teng,1
Batho ba pabalesego boeteledipele,2
molao o kae,1
Batho ba bogale dikgethololo,0
boitekanelo e teng,1
Ke bona boeteledipele,1
boeteledipele e thabo thata,2
Ke kgotso kgethololo,2
Ke bona palamente,1
Batho ba bua ka boitekanelo,1
puso e tshiamo thata,2
palamente o kae,1
boeteledipele o dira pabalesego,2
tshiamelo o dira boitumelo,2
mmuso o dira molemo,2
Ke kagiso boeteledipele,2
Ke bona batho,1
lekgotla e teng,1
Re itse setšhaba,1
Batho ba bua ka thulaganyo,1
Ke bogale tonakgolo,0
batho o dira tlhaelo,0
Ke boikepo palamente,0
Batho ba sentle kgethololo,2
Re pabalesego ka dikgethololo,2
kgethololo o dira kutlwelobotlhoko,2
Ke kgalefo tokololo,0
Ke dikgwetlho thuto,0
Re maswe ka ikonomi,0
Ke rata tshiamelo,2
tshiamelo o dira boikepo,0
ikonomi o kae,1
Ke maswe lekgotla,0
Batho ba bua ka thuto,1
ikonomi o kae,1
Batho ba tlhokafalo mmuso,0
dikgethololo o dira siame,2
molao o dira boikepo,0
Re itse mmuso,1
Re boammaaruri ka dikgethololo,2
Re botoka ka setšhaba,2
Ke botoka boeteledipele,2
Re kagiso ka lekgotla,2
kgethololo e kgotso thata,2
Ke bona ikonomi,1
thuto e dikgwetlho thata,0
modulasetilo e kgalefo thata,0
ikonomi o dira rata,2
Re siame ka tonakgolo,2
Ke bona puso,1
Re itse polotiki,1
Re kagiso ka lekgotla,2
Ke tlhokafalo molao,0
Ke molemo tonakgolo,2
thuto o kae,1
molao o dira bogale,0
ikonomi o dira tlhokafalo,0
Batho ba bua ka modulasetilo,1
Ke botlhoko kgethololo,0
tonakgolo o kae,1
tshiamelo o dira kgatelelo,0
Batho ba bua ka mmuso,1
Ke bona mmuso,1
Ke mathata tokololo,0
setšhaba o dira tlhaelo,0
Batho ba bua ka boitekanelo,1
Re thabo ka boitekanelo,2
Ke kutlwelobotlhoko tshiamelo,2
Batho ba bua ka batho,1
puso e botoka thata,2
Batho ba kgatelelo kgethololo,0
dikgethololo o dira kutlwelobotlhoko,0
Re botlhoko ka tshiamelo,0
Batho ba kgotso tonakgolo,2
polotiki o kae,1
Batho ba bua ka setšhaba,1
kgethololo e teng,1
Batho ba lapile tokololo,0
kgethololo o kae,1
Batho ba siame setšhaba,2
boeteledipele e teng,1
Ke tlhokafalo ditshwanelo,0
puso e rata thata,2
Batho ba bua ka mmuso,1
Batho ba boikepo tshiamelo,0
tokololo o dira botlhoko,0
modulasetilo e hutsafala thata,0
boeteledipele e maswe thata,0
Ke bona dikgethololo,1
lekgotla e botlhoko thata,0
boeteledipele o kae,1
tonakgolo e teng,1
Batho ba hutsafala modulasetilo,0
Batho ba bua ka modulasetilo,1
Batho ba monate lekgotla,2
Re tlhaelo ka tokololo,0
mmuso o kae,1
tokololo o kae,1
tokololo o dira kgotso,2
setšhaba o dira bogale,0
Batho ba bua ka tshiamelo,1
boitekanelo o dira kgalefo,0
boeteledipele o kae,1
thuto o dira tshiamo,2
Re itse kgethololo,1
Re rata ka puso,2
batho o dira boitumelo,2
Batho ba bua ka setšhaba,1
tshiamelo e teng,1
mmuso o dira tlhaelo,0
Ke kgatelelo lekgotla,0
Re maswe ka tokololo,0
Ke mathata mmuso,0
modulasetilo e botoka thata,2
molao e monate thata,2
dikgethololo o dira tlhokafalo,0
Re lapile ka puso,0
Batho ba bua ka palamente,1
puso e sentle thata,2
Batho ba boikepo puso,0
Ke botoka molao,2
Re itse boitekanelo,1
Ke bona boeteledipele,1
puso o kae,1
Re botlhoko ka mmuso,0
thulaganyo e kgalefo thata,0
Batho ba bua ka boitekanelo,1
Ke tlhaelo dikgethololo,0
Ke rata batho,2
polotiki e sentle thata,2
Batho ba rata mmuso,2
ditshwanelo e tlhong thata,0
setšhaba e teng,1
Batho ba sentle kgethololo,2
boeteledipele e teng,1
Re kgalefo ka kgethololo,0
Batho ba boitumelo thulaganyo,2
tshiamelo o dira tlhaelo,0
tokololo e boitumelo thata,2
dikgethololo o dira maswe,0
Batho ba bua ka setšhaba,1
Batho ba bua ka molao,1
Re bosula ka boitekanelo,0
Re kagiso ka modulasetilo,2
Re boikepo ka boitekanelo,0
Re tlhong ka mmuso,0
Batho ba pabalesego mmuso,2
mmuso o dira botlhoko,0
Ke bona kgethololo,1
boitekanelo o kae,1
Re itse tonakgolo,1
thulaganyo o kae,1
Batho ba bua ka kgethololo,1
Batho ba boikepo thulaganyo,0
dikgethololo o kae,1
polotiki o kae,1
dikgethololo o dira kgatelelo,0
Re itumelela ka ikonomi,2
molao o dira rata,2
Re itse kgethololo,1
Re rata ka setšhaba,2
Batho ba kutlwelobotlhoko tshiamelo,2
Ke rata thulaganyo,2
Batho ba kgotla molao,2
ikonomi e tshiamo thata,2
Ke tlhaelo setšhaba,0
Ke botlhoko thulaganyo,0
ditshwanelo o dira molemo,2
Ke bona tokololo,1
Re molemo ka ikonomi,2
puso o dira maswe,0
thuto o dira molemo,2
Re boitumelo ka polotiki,2
lekgotla e botlhoko thata,0
Ke bona tonakgolo,1
thulaganyo o dira tshiamo,2
lekgotla o dira kgatelelo,0
Re boammaaruri ka boeteledipele,2
Ke bona boeteledipele,1
Batho ba bua ka tshiamelo,1
Batho ba tshiamo modulasetilo,2
dikgethololo e teng,1
batho o dira botoka,2
Ke bona molao,1
Re tshiamo ka thulaganyo,2
Batho ba bua ka ditshwanelo,1
Re itse molao,1
Re pabalesego ka thuto,2
Ke bona tonakgolo,1
Ke kgatelelo palamente,0
Ke bona lekgotla,1
Batho ba kgotso batho,2
batho e bosula thata,0
dikgethololo e itumelela thata,2
Ke itumelela ikonomi,2
tshiamelo e teng,1
tokololo o kae,1
molao e teng,1
Re monate ka boeteledipele,2
ikonomi e thabo thata,2
batho e bosula thata,0
boitekanelo o dira kutlwelobotlhoko,2
Re itse boitekanelo,1
Batho ba tshiamo batho,2
Batho ba bua ka batho,1
Ke kgalefo tokololo,0
Re itse boeteledipele,1
Batho ba boitumelo thulaganyo,2
Re tlhong ka kgethololo,0
Re boikepo ka dikgethololo,0
Ke kutlwelobotlhoko lekgotla,2
Batho ba bua ka boeteledipele,1
setšhaba o dira kgotso,2
polotiki o dira dikgwetlho,0
Re tlhaelo ka lekgotla,0
Batho ba kagiso setšhaba,2
Batho ba bogale modulasetilo,0
Re itse modulasetilo,1
kgethololo e lapile thata,0
Batho ba molemo palamente,2
ikonomi o dira kgotla,2
boitekanelo o kae,1
Re pabalesego ka polotiki,2
boitekanelo e siame thata,2
boitekanelo e teng,1
Batho ba boammaaruri tokololo,2
Ke dikgwetlho boeteledipele,0
Ke bona palamente,1
Ke bona thuto,1
Batho ba mathata tshiamelo,0
Ke itumelela molao,2
boeteledipele e kutlwelobotlhoko thata,0
Ke molemo kgethololo,2
Batho ba pabalesego molao,2
Re itse puso,1
kgethololo o dira botlhoko,0
Re boikepo ka dikgethololo,0
polotiki o dira kutlwelobotlhoko,0
Re kgotso ka tshiamelo,2
Re itse kgethololo,1
Batho ba tlhong dikgethololo,0
batho e teng,1
Re kgatelelo ka setšhaba,0
ikonomi e botoka thata,2
Re kgalefo ka batho,0
Ke bona tonakgolo,1
ikonomi e teng,1
Ke boammaaruri tokololo,2
Re kutlwelobotlhoko ka thulaganyo,0
boeteledipele e kgotso thata,2
palamente e botlhoko thata,0
puso e thabo thata,2
Ke rata mmuso,2
Batho ba bosula kgethololo,0
palamente o kae,1
Ke bogale batho,0
batho o kae,1
Ke maswe tonakgolo,0
Batho ba bua ka ikonomi,1
Re maswe ka dikgethololo,0
kgethololo o dira tlhaelo,0
Re itse kgethololo,1
polotiki e maswe thata,0
Re boikepo ka modulasetilo,0
Batho ba tlhokafalo thulaganyo,0
thuto o kae,1
Ke dikgwetlho setšhaba,0
Re tlhaelo ka ikonomi,0
ditshwanelo e kgotla thata,2
ditshwanelo e mathata thata,0
batho e mathata thata,0
Ke bona ditshwanelo,1
thulaganyo e tshiamo thata,2
tokololo o dira pabalesego,2
Ke thabo boeteledipele,2
Re kutlwelobotlhoko ka setšhaba,2
Re itse tonakgolo,1
ikonomi o dira tlhaelo,0
thuto e kutlwelobotlhoko thata,0
Batho ba bua ka thulaganyo,1
Batho ba mathata molao,0
Re itse modulasetilo,1
thulaganyo e bosula thata,0
Re itse setšhaba,1
dikgethololo o dira boitumelo,2
Batho ba rata mmuso,2
Re itse palamente,1
dikgethololo o dira kagiso,2
Re itse ikonomi,1
Re tlhaelo ka thulaganyo,0
Re kutlwelobotlhoko ka tshiamelo,2
Ke boikepo lekgotla,0
tshiamelo o dira dikgwetlho,0
Ke bona polotiki,1
ditshwanelo o dira kgatelelo,0
molao o kae,1
kgethololo e kagiso thata,2
lekgotla o dira itumelela,2
polotiki o dira tlhong,0
Ke kgatelelo puso,0
Batho ba thabo kgethololo,2
setšhaba e bosula thata,0
Ke bona thulaganyo,1
Ke botoka tokololo,2
puso e teng,1
Batho ba bua ka boeteledipele,1
Ke kgalefo modulasetilo,0
Ke bona ikonomi,1
Ke kutlwelobotlhoko dikgethololo,0
mmuso o dira boikepo,0
boeteledipele o kae,1
Re rata ka lekgotla,2
Re itse dikgethololo,1
Re itse setšhaba,1
Batho ba bua ka tshiamelo,1
Ke bona batho,1
Ke tlhokafalo batho,0
Ke bona dikgethololo,1
Ke bona kgethololo,1
kgethololo o kae,1
polotiki e tshiamo thata,2
Ke bona ditshwanelo,1
Ke lapile tshiamelo,0
Re itse ikonomi,1
kgethololo e teng,1
Ke sentle ikonomi,2
boeteledipele o dira thabo,2
Ke boferefere tshiamelo,0
boitekanelo o dira monate,2
Re tlhaelo ka modulasetilo,0
Batho ba bua ka ikonomi,1
Re kgotso ka molao,2
Ke sentle tonakgolo,2
Re pabalesego ka palamente,2
Batho ba bua ka setšhaba,1
Re mathata ka modulasetilo,0
Re kgotso ka setšhaba,2
thulaganyo e boferefere thata,0
puso e teng,1
Re kgotla ka thuto,2
puso e teng,1
Ke thabo ikonomi,2
modulasetilo o dira bosula,0
Batho ba boikepo tonakgolo,0
tonakgolo o dira maswe,0
Ke bona tshiamelo,1
mmuso o dira lapile,0
Ke bona modulasetilo,1
modulasetilo e itumelela thata,2
tshiamelo o dira tshiamo,2
puso o dira siame,2
Ke bona mmuso,1
Ke itumelela tshiamelo,2
boeteledipele e rata thata,2
Batho ba kutlwelobotlhoko palamente,0
Ke mathata boeteledipele,0
Batho ba bua ka kgethololo,1
Re itse molao,1
kgethololo e itumelela thata,2
Ke mathata tokololo,0
Batho ba boitumelo boeteledipele,2
polotiki o dira bosula,0
Re itumelela ka boitekanelo,2
thulaganyo o dira boammaaruri,2
Ke kgotso kgethololo,2
Batho ba bua ka boitekanelo,1
Batho ba bua ka setšhaba,1
Re itse puso,1
Re pabalesego ka setšhaba,2
palamente o dira sentle,2
batho o dira rata,2
Ke bona boitekanelo,1
kgethololo e botoka thata,2
batho e teng,1
Batho ba siame puso,2
Ke kutlwelobotlhoko molao,2
tonakgolo e bogale thata,0
Ke tlhong mmuso,0
Batho ba bua ka palamente,1
Ke bona palamente,1
Re boitumelo ka ikonomi,2
puso e teng,1
tonakgolo o kae,1
tshiamelo e teng,1
Ke pabalesego tonakgolo,2
palamente e pabalesego thata,2
Batho ba bua ka puso,1
ikonomi o kae,1
modulasetilo e maswe thata,0
Re thabo ka boitekanelo,2
Ke bona thuto,1
thulaganyo o dira kutlwelobotlhoko,2
Ke botlhoko palamente,0
Batho ba bua ka kgethololo,1
Re itse palamente,1
Batho ba kgalefo puso,0
Batho ba lapile ikonomi,0
ikonomi e monate thata,2
Re kagiso ka kgethololo,2
Re itse modulasetilo,1
Re siame ka kgethololo,2
ikonomi o kae,1
tshiamelo o dira mathata,0
ikonomi e botlhoko thata,0
Batho ba tlhong modulasetilo,0
tshiamelo e teng,1
molao e teng,1
Batho ba bua ka setšhaba,1
polotiki e tlhokafalo thata,0
tshiamelo e monate thata,2
Re itse thuto,1
Re tlhokafalo ka dikgethololo,0
Ke pabalesego thulaganyo,2
Re kgotso ka batho,2
batho e tlhaelo thata,0
molao e tlhokafalo thata,0
ikonomi o kae,1
Ke bona ikonomi,1
tonakgolo o dira tshiamo,2
modulasetilo e dikgwetlho thata,0
Batho ba tlhong tokololo,0
Re itse setšhaba,1
molao o kae,1
Batho ba bua ka tshiamelo,1
ikonomi e hutsafala thata,0
thulaganyo o dira rata,2
Re itse polotiki,1
Batho ba itumelela tshiamelo,2
mmuso e teng,1
boitekanelo o dira kutlwelobotlhoko,0
Re sentle ka molao,2
palamente e boammaaruri thata,2
ikonomi e teng,1
Re boikepo ka boeteledipele,0
mmuso e itumelela thata,2
Batho ba siame modulasetilo,2
Ke bogale batho,0
Re tlhokafalo ka tokololo,0
Re kutlwelobotlhoko ka ikonomi,0
Re kutlwelobotlhoko ka kgethololo,2
lekgotla e teng,1
lekgotla o kae,1
mmuso o dira botoka,2
ditshwanelo o kae,1
puso o kae,1
mmuso o dira monate,2
Ke sentle modulasetilo,2
Re siame ka lekgotla,2
mmuso e lapile thata,0
tshiamelo e teng,1
lekgotla e teng,1
dikgethololo o dira rata,2
tshiamelo e teng,1
ditshwanelo o dira mathata,0
kgethololo e teng,1
boitekanelo e boferefere thata,0
Ke kgatelelo dikgethololo,0
Re monate ka tonakgolo,2
puso o dira kutlwelobotlhoko,0
Batho ba botoka kgethololo,2
boitekanelo e teng,1
Re lapile ka thuto,0
Batho ba tlhokafalo tonakgolo,0
Batho ba monate lekgotla,2
Batho ba boammaaruri boeteledipele,2
Re itse kgethololo,1
Re bogale ka dikgethololo,0
Ke bona tokololo,1
tshiamelo o dira itumelela,2
tokololo o kae,1
tokololo e bogale thata,0
ditshwanelo e lapile thata,0
Re bosula ka setšhaba,0
ditshwanelo e teng,1
ikonomi e tlhong thata,0
Ke thabo boeteledipele,2
Re tlhong ka ikonomi,0
boitekanelo e teng,1
lekgotla e tlhokafalo thata,0
tshiamelo e hutsafala thata,0
polotiki e boammaaruri thata,2
Batho ba sentle boeteledipele,2
Ke botlhoko thulaganyo,0
kgethololo e botoka thata,2
Ke boitumelo dikgethololo,2
Re hutsafala ka puso,0
Batho ba boitumelo ditshwanelo,2
batho o kae,1
Ke mathata tonakgolo,0
thuto o dira kgatelelo,0
mmuso e teng,1
thulaganyo o dira boferefere,0
mmuso e siame thata,2
Batho ba bua ka batho,1
Re itse tokololo,1
Re maswe ka tonakgolo,0
dikgethololo e botoka thata,2
Batho ba mathata polotiki,0
Ke bona ikonomi,1
Batho ba molemo lekgotla,2
Batho ba maswe thuto,0
puso o dira tlhokafalo,0
batho o kae,1
Batho ba bua ka ikonomi,1
ditshwanelo o dira kgalefo,0
Ke sentle tshiamelo,2
Re kutlwelobotlhoko ka puso,0
Ke molemo puso,2
Re kgotla ka tonakgolo,2
Re tshiamo ka modulasetilo,2
dikgethololo o dira lapile,0
Batho ba pabalesego puso,2
palamente o dira lapile,0
puso o kae,1
modulasetilo e dikgwetlho thata,0
Ke kagiso thuto,2
boeteledipele o dira dikgwetlho,0
boitekanelo o dira kgatelelo,0
boitekanelo e teng,1
Re kgalefo ka tshiamelo,0
Batho ba bua ka palamente,1
Re lapile ka thulaganyo,0
Batho ba boitumelo tshiamelo,2
mmuso o kae,1
dikgethololo o dira boferefere,0
thuto o dira tlhokafalo,0
Ke tlhaelo thulaganyo,0
Batho ba kgalefo tonakgolo,0
Ke bona thulaganyo,1
Re kutlwelobotlhoko ka batho,0
Batho ba hutsafala boitekanelo,0
Re itse tshiamelo,1
Ke bona thulaganyo,1
thulaganyo o kae,1
Re sentle ka tshiamelo,2
ditshwanelo e dikgwetlho thata,0
thuto o dira mathata,0
Batho ba tlhaelo ditshwanelo,0
Batho ba bua ka boitekanelo,1
tokololo e boitumelo thata,2
Ke lapile ikonomi,0
Ke bona ikonomi,1
Batho ba kgalefo batho,0
Re molemo ka tokololo,2
boeteledipele e botlhoko thata,0
dikgethololo e teng,1
Ke molemo kgethololo,2
Re siame ka thulaganyo,2
Batho ba bogale thuto,0
tokololo o dira tshiamo,2
Ke bona modulasetilo,1
Re boikepo ka lekgotla,0
Ke bosula boitekanelo,0
Batho ba molemo tonakgolo,2
Ke kgatelelo palamente,0
lekgotla e maswe thata,0
setšhaba o kae,1
Re tlhokafalo ka batho,0
Ke bona thuto,1
Ke kgotso tshiamelo,2
Ke boferefere tokololo,0
Ke bona polotiki,1
palamente o kae,1
Ke bona dikgethololo,1
Re boammaaruri ka boitekanelo,2
ditshwanelo e teng,1
Ke dikgwetlho batho,0
Ke bona ditshwanelo,1
Batho ba monate tshiamelo,2
thulaganyo o dira boitumelo,2
Batho ba boferefere molao,0
Batho ba siame dikgethololo,2
setšhaba e dikgwetlho thata,0
Batho ba tshiamo setšhaba,2
Ke boammaaruri tshiamelo,2
Ke kagiso ikonomi,2
tokololo o kae,1
Ke bona thulaganyo,1
Re itse puso,1
mmuso o kae,1
Batho ba bua ka puso,1
lekgotla e teng,1
modulasetilo o dira monate,2
tshiamelo e teng,1
mmuso e boammaaruri thata,2
Ke bona lekgotla,1
Ke bona ikonomi,1
mmuso e teng,1
Ke boferefere ikonomi,0
Ke bona tshiamelo,1
Ke kagiso thulaganyo,2
palamente e teng,1
Ke lapile ditshwanelo,0
kgethololo o dira mathata,0
Ke bogale mmuso,0
kgethololo e teng,1
Batho ba kgalefo puso,0
Batho ba bua ka boeteledipele,1
Ke kgotso tshiamelo,2
Re itse tshiamelo,1
ikonomi e teng,1
Batho ba dikgwetlho tshiamelo,0
ikonomi o dira tshiamo,2
Re hutsafala ka tokololo,0
thulaganyo o dira botoka,2
Batho ba kagiso thulaganyo,2
dikgethololo o kae,1
Re boikepo ka setšhaba,0
palamente e boitumelo thata,2
lekgotla o dira botlhoko,0
Re sentle ka lekgotla,2
Ke mathata modulasetilo,0
Batho ba kagiso dikgethololo,2
Ke bona thuto,1
batho e thabo thata,2
Ke bona polotiki,1
boitekanelo e teng,1
Batho ba sentle tshiamelo,2
Re kgotso ka boeteledipele,2
Batho ba molemo boeteledipele,2
Ke tlhokafalo molao,0
Re kutlwelobotlhoko ka thulaganyo,2
Re tshiamo ka tokololo,2
puso e kgatelelo thata,0
Re lapile ka tshiamelo,0
Re botlhoko ka modulasetilo,0
Re pabalesego ka thulaganyo,2
Ke tlhokafalo tshiamelo,0
kgethololo e botlhoko thata,0
Batho ba thabo batho,2
batho o dira kgatelelo,0
Ke bosula tonakgolo,0
kgethololo e teng,1
Ke bona tonakgolo,1
Ke pabalesego modulasetilo,2
Re hutsafala ka tonakgolo,0
Re kgotla ka modulasetilo,2
kgethololo o kae,1
Ke kgotso dikgethololo,2
Re kgotla ka modulasetilo,2
Re itse boitekanelo,1
Batho ba kgotla batho,2
modulasetilo o dira pabalesego,2
molao e bosula thata,0
Re bogale ka ditshwanelo,0
Ke bona ditshwanelo,1
Ke dikgwetlho thuto,0
Ke botoka modulasetilo,2
palamente e kgatelelo thata,0
ditshwanelo o dira boitumelo,2
Re monate ka boitekanelo,2
Ke bona thulaganyo,1
palamente e monate thata,2
Re kgotla ka tonakgolo,2
Batho ba bua ka ditshwanelo,1
ditshwanelo e boammaaruri thata,2
Re boikepo ka boeteledipele,0
tshiamelo o dira kgotso,2
molao o kae,1
modulasetilo o kae,1
Batho ba kutlwelobotlhoko palamente,2
thulaganyo e teng,1
Re molemo ka dikgethololo,2
Batho ba sentle kgethololo,2
tokololo o dira kutlwelobotlhoko,0
ikonomi e kgalefo thata,0
Re tlhong ka tshiamelo,0
Re itse ikonomi,1
boitekanelo o kae,1
Ke monate batho,2
ikonomi e teng,1
Ke tlhokafalo ditshwanelo,0
tonakgolo o dira lapile,0
palamente o kae,1
Batho ba dikgwetlho puso,0
Ke tlhokafalo ditshwanelo,0
thulaganyo o kae,1
Ke bona tokololo,1
Batho ba botoka lekgotla,2
Batho ba bua ka tokololo,1
Batho ba tlhaelo polotiki,0
Ke sentle boeteledipele,2
tonakgolo o dira boferefere,0
modulasetilo e teng,1
Re tlhaelo ka thulaganyo,0
tonakgolo e kutlwelobotlhoko thata,2
Ke dikgwetlho tshiamelo,0
ditshwanelo o dira botlhoko,0
Re botoka ka puso,2
Re kutlwelobotlhoko ka thulaganyo,0
Re siame ka dikgethololo,2
thuto o kae,1
Batho ba bua ka tonakgolo,1
Batho ba boikepo boeteledipele,0
Batho ba maswe boeteledipele,0
lekgotla e teng,1
setšhaba e botoka thata,2
molao e maswe thata,0
dikgethololo e dikgwetlho thata,0
Batho ba bua ka polotiki,1
Ke thabo thulaganyo,2
Ke tlhokafalo boeteledipele,0
dikgethololo e teng,1
Re itse polotiki,1
Batho ba kutlwelobotlhoko ditshwanelo,2
Batho ba bua ka boeteledipele,1
Batho ba bua ka setšhaba,1
Ke bona kgethololo,1
Ke bona ditshwanelo,1
Batho ba sentle lekgotla,2
Re itse kgethololo,1
Batho ba kutlwelobotlhoko tshiamelo,2
lekgotla e kagiso thata,2
ikonomi o kae,1
batho o dira boitumelo,2
tonakgolo o dira mathata,0
Ke bogale batho,0
Batho ba lapile kgethololo,0
ikonomi o kae,1
Batho ba bua ka boitekanelo,1
Ke tlhokafalo molao,0
polotiki o dira sentle,2
dikgethololo o dira rata,2
polotiki o dira tlhokafalo,0
Re boikepo ka polotiki,0
palamente e dikgwetlho thata,0
boitekanelo e teng,1
Batho ba bua ka kgethololo,1
Batho ba kgatelelo polotiki,0
Batho ba kgotla mmuso,2
kgethololo e teng,1
molao e kgatelelo thata,0
Re botoka ka polotiki,2
Batho ba bosula palamente,0
Re itse setšhaba,1
Re itse batho,1
Batho ba bua ka boitekanelo,1
Batho ba bua ka tonakgolo,1
Batho ba maswe ditshwanelo,0
Ke molemo setšhaba,2
kgethololo o dira boitumelo,2
Ke hutsafala setšhaba,0
Ke kagiso tonakgolo,2
Batho ba kgatelelo setšhaba,0
tonakgolo e teng,1
Ke bona thuto,1
Batho ba kagiso tokololo,2
Re itse polotiki,1
thulaganyo e tlhong thata,0
Ke kgotla setšhaba,2
Ke bona puso,1
Ke thabo thuto,2
Batho ba kagiso polotiki,2
Re siame ka puso,2
Ke bona thuto,1
boeteledipele e kgotso thata,2
Batho ba kagiso thulaganyo,2
Ke kagiso thulaganyo,2
Ke bona tokololo,1
Re itse tshiamelo,1
Ke boammaaruri tokololo,2
tshiamelo o kae,1
Re itse boitekanelo,1
setšhaba o dira mathata,0
ditshwanelo o dira itumelela,2
puso o dira thabo,2
ikonomi o dira rata,2
ikonomi e teng,1
palamente e teng,1
Batho ba mathata modulasetilo,0
Re itse tshiamelo,1
Ke itumelela dikgethololo,2
Batho ba pabalesego batho,2
Batho ba botoka dikgethololo,2
ditshwanelo o dira tlhaelo,0
Batho ba bua ka molao,1
puso o dira monate,2
Ke boferefere polotiki,0
Re itse kgethololo,1
Re kgatelelo ka modulasetilo,0
ikonomi o dira hutsafala,0
Batho ba botoka modulasetilo,2
Re itse palamente,1
thuto o dira boammaaruri,2
Batho ba dikgwetlho kgethololo,0
Ke bona puso,1
molao e pabalesego thata,2
puso e teng,1
Ke bona boitekanelo,1
Ke siame palamente,2
batho e teng,1
Re tshiamo ka mmuso,2
Re maswe ka mmuso,0
Batho ba boitumelo thuto,2
tokololo e teng,1
Batho ba siame mmuso,2
tshiamelo o dira tshiamo,2
Ke dikgwetlho puso,0
Ke boitumelo batho,2
puso e teng,1
Ke bona thulaganyo,1
Batho ba rata dikgethololo,2
thulaganyo o dira dikgwetlho,0
Ke boikepo batho,0
batho o dira boikepo,0
Ke bona polotiki,1
Ke monate tonakgolo,2
Batho ba bogale ditshwanelo,0
Re tlhokafalo ka modulasetilo,0
kgethololo e botoka thata,2
tokololo e teng,1
Batho ba bua ka tokololo,1
Re itse kgethololo,1
thulaganyo o dira kutlwelobotlhoko,0
Ke lapile ditshwanelo,0
tshiamelo e boitumelo thata,2
thulaganyo e kutlwelobotlhoko thata,0
Batho ba botoka polotiki,2
Re kagiso ka ditshwanelo,2
mmuso e tshiamo thata,2
boitekanelo e teng,1
lekgotla e teng,1
palamente e kutlwelobotlhoko thata,0
boitekanelo o dira lapile,0
puso o kae,1
thuto o dira tlhokafalo,0
ikonomi o dira boammaaruri,2
palamente o dira monate,2
thuto e siame thata,2
Re boitumelo ka modulasetilo,2
tshiamelo o dira mathata,0
Ke bona setšhaba,1
Ke dikgwetlho kgethololo,0
Ke botoka thulaganyo,2
Re kagiso ka boeteledipele,2
Ke lapile palamente,0
Re kgatelelo ka palamente,0
mmuso o dira kgalefo,0
Batho ba bua ka palamente,1
Re mathata ka ditshwanelo,0
Batho ba bua ka dikgethololo,1
Batho ba monate puso,2
Re tlhaelo ka molao,0
puso o dira kutlwelobotlhoko,2
tonakgolo o dira dikgwetlho,0
mmuso o kae,1
Batho ba kgotso ditshwanelo,2
batho o dira rata,2
Batho ba kgotla mmuso,2
thulaganyo o kae,1
Ke boammaaruri boeteledipele,2
setšhaba o dira botoka,2
thulaganyo o kae,1
Batho ba monate setšhaba,2
molao o dira pabalesego,2
dikgethololo o dira tlhokafalo,0
Ke tlhaelo mmuso,0
Re mathata ka ikonomi,0
polotiki o kae,1
Batho ba monate modulasetilo,2
thuto e teng,1
Re dikgwetlho ka thuto,0
Batho ba mathata polotiki,0
Re kutlwelobotlhoko ka dikgethololo,0
Re kgatelelo ka setšhaba,0
Batho ba kgalefo dikgethololo,0
Re bosula ka batho,0
tshiamelo o kae,1
dikgethololo o kae,1
Batho ba itumelela mmuso,2
molao o dira tlhong,0
Batho ba siame tonakgolo,2
dikgethololo e dikgwetlho thata,0
tshiamelo e pabalesego thata,2
Ke botlhoko setšhaba,0
ikonomi e teng,1
Ke itumelela dikgethololo,2
Ke sentle thulaganyo,2
Batho ba molemo molao,2
Batho ba bua ka kgethololo,1
Batho ba bua ka tshiamelo,1
Ke sentle modulasetilo,2
Ke lapile thuto,0
tokololo o kae,1
Re molemo ka tonakgolo,2
Ke bona tonakgolo,1
Re rata ka batho,2
molao e kgalefo thata,0
tokololo o dira botlhoko,0
Batho ba rata ditshwanelo,2
Batho ba botlhoko palamente,0
Re itse ikonomi,1
Batho ba boammaaruri palamente,2
Batho ba bua ka dikgethololo,1
tokololo e molemo thata,2
thulaganyo o kae,1
boeteledipele e hutsafala thata,0
Ke kgotso mmuso,2
Ke bona tonakgolo,1
Ke bona palamente,1
Re itse tonakgolo,1
Batho ba bua ka boitekanelo,1
kgethololo e teng,1
Re bosula ka polotiki,0
boitekanelo e teng,1
dikgethololo e tlhokafalo thata,0
Re itse lekgotla,1
kgethololo o kae,1
Batho ba lapile dikgethololo,0
Ke maswe kgethololo,0
Re kutlwelobotlhoko ka ikonomi,0
Batho ba thabo ditshwanelo,2
Ke bona modulasetilo,1
dikgethololo o dira kgalefo,0
boeteledipele e monate thata,2
palamente o dira kagiso,2
Batho ba botlhoko tshiamelo,0
Ke bona kgethololo,1
Ke bona thuto,1
boeteledipele o dira siame,2
Ke sentle boeteledipele,2
Ke bona thulaganyo,1
tokololo e bosula thata,0
Batho ba kgatelelo mmuso,0
batho e tshiamo thata,2
Ke boammaaruri ditshwanelo,2
Batho ba bogale lekgotla,0
Batho ba bogale kgethololo,0
boeteledipele e siame thata,2
polotiki o dira dikgwetlho,0
Ke bona palamente,1
tonakgolo o dira botlhoko,0
Ke bona mmuso,1
Re tlhong ka boitekanelo,0
Re itse dikgethololo,1
Batho ba kgatelelo modulasetilo,0
Re itse boitekanelo,1
tshiamelo e teng,1
Batho ba tlhokafalo tshiamelo,0
polotiki o kae,1
kgethololo o dira kgalefo,0
Re boitumelo ka boitekanelo,2
Re itse batho,1
Re boikepo ka modulasetilo,0
setšhaba e teng,1
polotiki o dira lapile,0
Re itse modulasetilo,1
Ke bona ditshwanelo,1
Ke bona palamente,1
molao e teng,1
Re bogale ka modulasetilo,0
Re maswe ka ditshwanelo,0
boeteledipele e teng,1
Ke kgatelelo polotiki,0
boitekanelo e kgotla thata,2
Batho ba bua ka ikonomi,1
ikonomi o kae,1
Re kutlwelobotlhoko ka mmuso,2
Batho ba botlhoko puso,0
boeteledipele e boferefere thata,0
ditshwanelo e tlhaelo thata,0
Re itse tokololo,1
boitekanelo o kae,1
Batho ba kgotla lekgotla,2
Re monate ka ikonomi,2
Ke botlhoko ikonomi,0
Ke mathata boitekanelo,0
Re kutlwelobotlhoko ka molao,0
Ke kutlwelobotlhoko tonakgolo,2
Ke hutsafala boeteledipele,0
Re siame ka tshiamelo,2
Batho ba kgalefo modulasetilo,0
Batho ba bosula mmuso,0
puso o dira boammaaruri,2
batho e kgatelelo thata,0
modulasetilo e bosula thata,0
Ke bona thulaganyo,1
thuto e kutlwelobotlhoko thata,0
Ke bona lekgotla,1
ditshwanelo e dikgwetlho thata,0
Re itse boitekanelo,1
ikonomi o dira kgatelelo,0
batho e teng,1
Re itse dikgethololo,1
Batho ba boammaaruri molao,2
Ke bona boitekanelo,1
tshiamelo e boikepo thata,0
Re itse mmuso,1
Ke molemo thuto,2
Batho ba bua ka boeteledipele,1
lekgotla e tshiamo thata,2
Batho ba maswe kgethololo,0
Batho ba molemo tonakgolo,2
Batho ba kutlwelobotlhoko lekgotla,0
Re itse boeteledipele,1
Re boikepo ka tshiamelo,0
batho e hutsafala thata,0
dikgethololo e teng,1
dikgethololo o kae,1
dikgethololo e teng,1
Batho ba bosula puso,0
Ke botlhoko ditshwanelo,0
Ke kgatelelo palamente,0
Re boikepo ka boeteledipele,0
Re boammaaruri ka puso,2
Ke bona ditshwanelo,1
Ke kgalefo mmuso,0
boitekanelo e boferefere thata,0
thuto e thabo thata,2
thulaganyo e hutsafala thata,0
Batho ba monate tokololo,2
Ke bona modulasetilo,1
polotiki o dira maswe,0
boitekanelo o dira monate,2
Ke kutlwelobotlhoko tshiamelo,2
Re botoka ka thuto,2
Ke itumelela puso,2
tonakgolo o kae,1
modulasetilo o dira hutsafala,0
kgethololo o dira tlhaelo,0
Batho ba hutsafala molao,0
Batho ba bua ka thulaganyo,1
dikgethololo o dira kgatelelo,0
Re itse setšhaba,1
Ke kgotso ikonomi,2
Ke bosula setšhaba,0
kgethololo o dira boikepo,0
palamente o dira kgotso,2
Ke bona palamente,1
Ke rata batho,2
Re tlhong ka boitekanelo,0
Ke bona lekgotla,1
Batho ba hutsafala thuto,0
Batho ba kagiso lekgotla,2
mmuso o kae,1
Re boikepo ka polotiki,0
molao e kgotla thata,2
mmuso e bosula thata,0
ikonomi e teng,1
Ke bona thuto,1
Ke bona dikgethololo,1
boeteledipele o dira bogale,0
molao e teng,1
Re maswe ka puso,0
Re dikgwetlho ka batho,0
tonakgolo o kae,1
dikgethololo o kae,1
palamente o dira thabo,2
molao e kgotla thata,2
Batho ba bua ka mmuso,1
palamente e teng,1
Ke kgalefo modulasetilo,0
Batho ba kutlwelobotlhoko thulaganyo,2
Re itse boeteledipele,1
Re itse thulaganyo,1
Batho ba tlhaelo thulaganyo,0
Ke bona setšhaba,1
ditshwanelo e bosula thata,0
Ke hutsafala lekgotla,0
Ke bona thuto,1
Ke kgotla palamente,2
Re itse modulasetilo,1
Ke kgalefo lekgotla,0
Re itse setšhaba,1
Batho ba boitumelo kgethololo,2
Ke bona thuto,1
polotiki o dira boferefere,0
Ke bona tokololo,1
Re itumelela ka batho,2
Ke boitumelo setšhaba,2
modulasetilo o dira tlhokafalo,0
Batho ba kutlwelobotlhoko lekgotla,0
tshiamelo e molemo thata,2
Batho ba pabalesego tonakgolo,2
Ke bona molao,1
Batho ba monate tonakgolo,2
Ke bona tokololo,1
polotiki e teng,1
thuto e teng,1
Batho ba rata puso,2
Ke boitumelo setšhaba,2
batho o dira kagiso,2
puso e teng,1
Ke bona boitekanelo,1
Re dikgwetlho ka tonakgolo,0
tshiamelo e mathata thata,0
tokololo e teng,1
boeteledipele o dira molemo,2
ikonomi e botoka thata,2
Re botlhoko ka boeteledipele,0
setšhaba e kgalefo thata,0
Batho ba botlhoko palamente,0
Ke thabo thuto,2
Batho ba itumelela molao,2
Re itse mmuso,1
mmuso e hutsafala thata,0
ikonomi o dira tlhong,0
Ke kutlwelobotlhoko ikonomi,0
Re kgatelelo ka kgethololo,0
Re botoka ka tshiamelo,2
Batho ba bua ka tokololo,1
Batho ba botlhoko tonakgolo,0
Re kutlwelobotlhoko ka lekgotla,2
Re itumelela ka kgethololo,2
thulaganyo e kutlwelobotlhoko thata,0
Batho ba bua ka puso,1
Ke bona thulaganyo,1
Ke hutsafala thulaganyo,0
boitekanelo o dira monate,2
Batho ba siame molao,2
Ke bona kgethololo,1
Batho ba bua ka thulaganyo,1
Ke bona molao,1
polotiki o dira hutsafala,0
Batho ba kgatelelo setšhaba,0
Batho ba bua ka lekgotla,1
Ke bona modulasetilo,1
tshiamelo e siame thata,2
Ke kagiso molao,2
palamente e tlhokafalo thata,0
Re rata ka tonakgolo,2
dikgethololo e kutlwelobotlhoko thata,0
Re kgatelelo ka modulasetilo,0
Batho ba bogale lekgotla,0
Re thabo ka tonakgolo,2
Ke molemo tshiamelo,2
kgethololo o dira kutlwelobotlhoko,0
modulasetilo o kae,1
boitekanelo e botlhoko thata,0
Batho ba bua ka modulasetilo,1
Re itse ikonomi,1
kgethololo e monate thata,2
boeteledipele o kae,1
Batho ba molemo puso,2
Batho ba bua ka polotiki,1
batho e kgalefo thata,0
Ke tlhaelo tonakgolo,0
Ke kutlwelobotlhoko setšhaba,0
Batho ba maswe ikonomi,0
modulasetilo e botlhoko thata,0
thuto o dira itumelela,2
Re boikepo ka boitekanelo,0
batho o dira kagiso,2
puso o dira kagiso,2
Ke kgalefo molao,0
boeteledipele e thabo thata,2
lekgotla e sentle thata,2
puso o dira kutlwelobotlhoko,0
tokololo e hutsafala thata,0
molao e kagiso thata,2
kgethololo o kae,1
Re boikepo ka mmuso,0
boitekanelo e kgatelelo thata,0
Re itse boeteledipele,1
Re kutlwelobotlhoko ka tonakgolo,0
Re kutlwelobotlhoko ka ikonomi,0
Ke bona boitekanelo,1
Ke bona puso,1
thulaganyo o dira kgalefo,0
tokololo o dira dikgwetlho,0
Batho ba kutlwelobotlhoko thuto,2
ditshwanelo o kae,1
ikonomi o kae,1
Batho ba bua ka boeteledipele,1
Re itse palamente,1
Re itse dikgethololo,1
mmuso o dira bogale,0
Ke boitumelo setšhaba,2
Batho ba sentle batho,2
polotiki o kae,1
Ke rata tonakgolo,2
boitekanelo e kgalefo thata,0
Ke boammaaruri ditshwanelo,2
Batho ba bogale mmuso,0
batho o dira bosula,0
palamente e teng,1
Re tlhokafalo ka polotiki,0
Batho ba hutsafala puso,0
mmuso o dira kgotso,2
Re kagiso ka ikonomi,2
Ke tlhokafalo lekgotla,0
Batho ba rata tonakgolo,2
ikonomi o dira hutsafala,0
tonakgolo o dira bogale,0
ditshwanelo o kae,1
Batho ba itumelela puso,2
ditshwanelo e sentle thata,2
batho e siame thata,2
Re monate ka kgethololo,2
kgethololo o dira tlhong,0
Batho ba bua ka batho,1
Ke sentle boitekanelo,2
mmuso o kae,1
tshiamelo o dira dikgwetlho,0
Re sentle ka tokololo,2
Re itse ikonomi,1
Batho ba bogale palamente,0
batho o kae,1
molao o dira kutlwelobotlhoko,2
boeteledipele e teng,1
Batho ba bua ka puso,1
Ke kgotso ditshwanelo,2
polotiki o dira kagiso,2
Batho ba bua ka batho,1
molao o dira itumelela,2
Ke bona ikonomi,1
batho e hutsafala thata,0
Re kagiso ka ikonomi,2
Batho ba boitumelo kgethololo,2
Batho ba bua ka dikgethololo,1
Batho ba boitumelo lekgotla,2
Re tlhokafalo ka tshiamelo,0
Re kgalefo ka boeteledipele,0
Ke bona lekgotla,1
Batho ba kgotso ikonomi,2
Re itse polotiki,1
thuto o dira kgotla,2
dikgethololo e tlhokafalo thata,0
tokololo e molemo thata,2
Ke boikepo tokololo,0
Batho ba bua ka ikonomi,1
dikgethololo o kae,1
tokololo o dira tlhong,0
Re hutsafala ka modulasetilo,0
ditshwanelo o kae,1
polotiki e teng,1
Ke boitumelo tshiamelo,2
Ke monate tshiamelo,2
setšhaba e tlhong thata,0
Re itse tonakgolo,1
Batho ba rata ditshwanelo,2
dikgethololo e bogale thata,0
Ke pabalesego boitekanelo,2
Ke bona setšhaba,1
Batho ba bua ka boitekanelo,1
boeteledipele e maswe thata,0
ditshwanelo o dira boferefere,0
Re boammaaruri ka modulasetilo,2
Batho ba bua ka tshiamelo,1
polotiki o dira boferefere,0
Ke boikepo thulaganyo,0
boeteledipele e molemo thata,2
setšhaba o dira bosula,0
Ke botoka batho,2
Ke tlhong boeteledipele,0
Batho ba kagiso batho,2
tonakgolo o kae,1
setšhaba e tlhaelo thata,0
boitekanelo o dira kgalefo,0
Ke boitumelo boeteledipele,2
Re tlhaelo ka palamente,0
batho o kae,1
Batho ba bua ka kgethololo,1
Batho ba tlhokafalo setšhaba,0
dikgethololo o kae,1
mmuso e kgatelelo thata,0
thuto e botlhoko thata,0
boitekanelo e teng,1
tshiamelo o dira dikgwetlho,0
Re itse thulaganyo,1
Batho ba rata tshiamelo,2
Re itse polotiki,1
polotiki o kae,1
Re itse palamente,1
Ke bona ditshwanelo,1
ditshwanelo e teng,1
Batho ba maswe kgethololo,0
molao o dira botoka,2
polotiki o dira hutsafala,0
tonakgolo o dira kgatelelo,0
Batho ba bua ka dikgethololo,1
Batho ba sentle thulaganyo,2
Ke molemo boeteledipele,2
kgethololo e boferefere thata,0
Re botoka ka mmuso,2
Ke bona molao,1
kgethololo e teng,1
Re bosula ka molao,0
Re itse boitekanelo,1
tokololo e boikepo thata,0
dikgethololo o dira kutlwelobotlhoko,0
boeteledipele o dira pabalesego,2
Re itse dikgethololo,1
tshiamelo o dira kgotso,2
Re itse mmuso,1
Re boferefere ka mmuso,0
ditshwanelo e kgotso thata,2
kgethololo e molemo thata,2
Batho ba kgalefo setšhaba,0
boeteledipele e teng,1
Batho ba kgatelelo setšhaba,0
Batho ba kutlwelobotlhoko tokololo,0
Ke siame setšhaba,2
Batho ba botlhoko boeteledipele,0
Ke kgotla palamente,2
boitekanelo o dira tshiamo,2
Batho ba bua ka ditshwanelo,1
Batho ba bua ka boeteledipele,1
puso e pabalesego thata,2
Re bogale ka batho,0
Re tlhokafalo ka ikonomi,0
tonakgolo o dira tlhokafalo,0
Re maswe ka thulaganyo,0
Re itse molao,1
Ke thabo boitekanelo,2
Ke pabalesego tshiamelo,2
tshiamelo o dira kgatelelo,0
boeteledipele o dira molemo,2
Batho ba botlhoko molao,0
Ke tshiamo kgethololo,2
Batho ba kgotla dikgethololo,2
thuto e bogale thata,0
molao o dira thabo,2
thulaganyo o kae,1
tokololo e bogale thata,0
tokololo o dira kgatelelo,0
Re mathata ka molao,0
molao o dira thabo,2
Re boferefere ka tokololo,0
Ke bona tshiamelo,1
Re itse mmuso,1
Batho ba tlhaelo tokololo,0
Re itse tshiamelo,1
Re pabalesego ka lekgotla,2
kgethololo e kutlwelobotlhoko thata,2
Batho ba tshiamo molao,2
tonakgolo e teng,1
Re molemo ka tokololo,2
Re kutlwelobotlhoko ka puso,2
Batho ba bogale molao,0
Re itse boitekanelo,1
Re boikepo ka ikonomi,0
Batho ba kgotla mmuso,2
Re itse ditshwanelo,1
Ke kgatelelo thulaganyo,0
tshiamelo e teng,1
Ke boammaaruri tshiamelo,2
Batho ba siame boitekanelo,2
Re tlhong ka polotiki,0
Batho ba bua ka mmuso,1
ditshwanelo e molemo thata,2
Ke hutsafala setšhaba,0
boitekanelo e teng,1
Batho ba siame molao,2
Ke tshiamo puso,2
ditshwanelo o dira boitumelo,2
Batho ba bogale thuto,0
polotiki e monate thata,2
kgethololo e teng,1
kgethololo o dira kagiso,2
boitekanelo e teng,1
Ke pabalesego tokololo,2
boeteledipele o dira botoka,2
Batho ba boferefere boitekanelo,0
Batho ba bua ka molao,1
dikgethololo e kgotla thata,2
puso o kae,1
Ke bona thulaganyo,1
Batho ba pabalesego boitekanelo,2
Batho ba itumelela polotiki,2
ikonomi o dira rata,2
tokololo o kae,1
Ke thabo ikonomi,2
lekgotla o dira kagiso,2
Re tlhong ka setšhaba,0
polotiki e teng,1
Ke hutsafala puso,0
batho e teng,1
Re itse kgethololo,1
Batho ba itumelela ikonomi,2
setšhaba e boikepo thata,0
Batho ba kutlwelobotlhoko modulasetilo,0
batho e botlhoko thata,0
Batho ba bua ka thulaganyo,1
Ke bona ditshwanelo,1
Ke hutsafala ditshwanelo,0
Ke bona boeteledipele,1
Re botoka ka mmuso,2
ikonomi o dira monate,2
palamente e maswe thata,0
kgethololo e kutlwelobotlhoko thata,2
tokololo e botlhoko thata,0
Ke kgotso molao,2
palamente o dira botlhoko,0
Re itse tonakgolo,1
boitekanelo e siame thata,2
Ke bosula polotiki,0
Batho ba pabalesego tokololo,2
Batho ba kgotla tshiamelo,2
Ke kgotso boitekanelo,2
Batho ba boammaaruri puso,2
boeteledipele o dira kgatelelo,0
molao o kae,1
Re boammaaruri ka ikonomi,2
Batho ba kagiso modulasetilo,2
Ke kgalefo tshiamelo,0
Batho ba bogale puso,0
Ke tshiamo thulaganyo,2
boeteledipele o dira pabalesego,2
Batho ba bua ka polotiki,1
Ke molemo lekgotla,2
Batho ba bua ka setšhaba,1
Re kutlwelobotlhoko ka palamente,0
kgethololo e itumelela thata,2
Batho ba rata lekgotla,2
Ke boammaaruri molao,2
thulaganyo e itumelela thata,2
Ke bona palamente,1
Batho ba hutsafala setšhaba,0
Re kgatelelo ka batho,0
modulasetilo e tlhokafalo thata,0
dikgethololo e teng,1
dikgethololo e molemo thata,2
polotiki e pabalesego thata,2
Ke hutsafala tonakgolo,0
Re sentle ka polotiki,2
ditshwanelo o dira thabo,2
Batho ba botlhoko dikgethololo,0
puso o dira dikgwetlho,0
setšhaba o dira boikepo,0
Re pabalesego ka modulasetilo,2
Batho ba bogale boeteledipele,0
Ke bona tonakgolo,1
Ke rata setšhaba,2
dikgethololo o kae,1
Re kutlwelobotlhoko ka modulasetilo,2
tokololo o kae,1
puso e tlhong thata,0
modulasetilo o dira rata,2
setšhaba o dira thabo,2
polotiki e tlhokafalo thata,0
Ke kgalefo mmuso,0
thulaganyo o dira boikepo,0
Ke kgotso tonakgolo,2
Ke tlhaelo polotiki,0
puso o dira rata,2
tonakgolo e kagiso thata,2
Re kgotso ka boeteledipele,2
Batho ba maswe polotiki,0
puso e pabalesego thata,2
polotiki o dira tlhong,0
Ke bona ditshwanelo,1
Batho ba boitumelo tonakgolo,2
Batho ba kgalefo polotiki,0
mmuso o dira molemo,2
Ke tshiamo boitekanelo,2
boitekanelo e bogale thata,0
Re maswe ka thuto,0
Ke dikgwetlho modulasetilo,0
Ke boikepo thulaganyo,0
tokololo e teng,1
palamente o kae,1
Re siame ka polotiki,2
Re itse polotiki,1
Batho ba kgatelelo puso,0
Ke mathata tonakgolo,0
thulaganyo e itumelela thata,2
molao e kgatelelo thata,0
dikgethololo e teng,1
Ke bosula thuto,0
Re itse polotiki,1
Ke boferefere dikgethololo,0
Re itumelela ka tokololo,2
molao e kgotso thata,2
modulasetilo o kae,1
Batho ba tlhong thulaganyo,0
Ke hutsafala thuto,0
boitekanelo e sentle thata,2
Batho ba bua ka dikgethololo,1
Re itse puso,1
Ke bona puso,1
modulasetilo o dira pabalesego,2
Batho ba bua ka mmuso,1
boitekanelo e dikgwetlho thata,0
Re sentle ka polotiki,2
Batho ba kagiso lekgotla,2
Batho ba tlhong mmuso,0
tshiamelo e teng,1
Re rata ka tonakgolo,2
batho e molemo thata,2
mmuso o kae,1
Re kgatelelo ka tshiamelo,0
Batho ba boikepo tshiamelo,0
boitekanelo o kae,1
Re itse puso,1
Ke tlhaelo thulaganyo,0
mmuso e teng,1
Ke kgotla setšhaba,2
Re rata ka setšhaba,2
Re botoka ka lekgotla,2
Re kgotso ka modulasetilo,2
Re molemo ka puso,2
mmuso e teng,1
Batho ba kgotso kgethololo,2
Ke tlhokafalo batho,0
ikonomi o dira hutsafala,0
Re dikgwetlho ka thulaganyo,0
mmuso o kae,1
mmuso e maswe thata,0
Ke bona palamente,1
Re bogale ka batho,0
Ke bosula dikgethololo,0
lekgotla e tlhong thata,0
Re itumelela ka mmuso,2
Re itse dikgethololo,1
Re itse mmuso,1
Re thabo ka modulasetilo,2
Ke bona mmuso,1
Batho ba sentle tonakgolo,2
Batho ba hutsafala boitekanelo,0
Batho ba boferefere modulasetilo,0
tshiamelo e molemo thata,2
Re molemo ka palamente,2
Re molemo ka boitekanelo,2
thuto e teng,1
Ke kagiso modulasetilo,2
tshiamelo e teng,1
Re botoka ka kgethololo,2
Ke itumelela dikgethololo,2
Re kgotla ka tokololo,2
Batho ba bua ka thulaganyo,1
boeteledipele e siame thata,2
ditshwanelo e botoka thata,2
Re itse setšhaba,1
tokololo o dira kutlwelobotlhoko,0
setšhaba e teng,1
Re tlhong ka ikonomi,0
Re kgotla ka thuto,2
puso o dira thabo,2
Ke boitumelo modulasetilo,2
tshiamelo e monate thata,2
boitekanelo o kae,1
Re pabalesego ka boitekanelo,2
Re boikepo ka palamente,0
tonakgolo e botlhoko thata,0
lekgotla e teng,1
modulasetilo o dira maswe,0
Ke bosula molao,0
kgethololo e tlhong thata,0
Re bogale ka modulasetilo,0
palamente e bogale thata,0
palamente e tlhokafalo thata,0
Ke bona boitekanelo,1
modulasetilo o kae,1
Ke tlhaelo palamente,0
tokololo e kgotso thata,2
Ke bona modulasetilo,1
Re itse palamente,1
Ke kutlwelobotlhoko puso,0
Batho ba thabo molao,2
Ke bona palamente,1
Re kgatelelo ka boitekanelo,0
tshiamelo o dira bosula,0
Re bogale ka molao,0
Re itse palamente,1
Re sentle ka boeteledipele,2
molao o kae,1
batho e bogale thata,0
Re bosula ka puso,0
boitekanelo e teng,1
Re kutlwelobotlhoko ka batho,2
molao o dira boikepo,0
Ke sentle polotiki,2
Ke kgotla tokololo,2
ditshwanelo e rata thata,2
setšhaba e kgotla thata,2
Ke dikgwetlho tokololo,0
thulaganyo o kae,1
Batho ba bua ka boeteledipele,1
Batho ba tlhong boitekanelo,0
Batho ba kagiso modulasetilo,2
modulasetilo e teng,1
Ke bona thuto,1
tokololo o kae,1
ikonomi e boferefere thata,0
thulaganyo o dira boikepo,0
Ke botoka thuto,2
thuto e kgatelelo thata,0
setšhaba o dira tlhaelo,0
Ke bogale tshiamelo,0
Re itse thuto,1
batho e molemo thata,2
Re itse puso,1
Batho ba bua ka tokololo,1
Batho ba maswe dikgethololo,0
kgethololo o dira siame,2
mmuso o kae,1
ditshwanelo e itumelela thata,2
Re kagiso ka tonakgolo,2
Ke tlhokafalo palamente,0
Ke bona tokololo,1
Ke kagiso thulaganyo,2
Batho ba mathata polotiki,0
Batho ba botlhoko modulasetilo,0
Re itse puso,1
batho e bosula thata,0
Batho ba bua ka mmuso,1
palamente o dira boammaaruri,2
tokololo o dira botlhoko,0
boitekanelo o dira thabo,2
Batho ba boitumelo thuto,2
Re itse boitekanelo,1
Re kutlwelobotlhoko ka palamente,0
Ke tshiamo ditshwanelo,2
tonakgolo e botoka thata,2
Batho ba bua ka dikgethololo,1
boeteledipele e bogale thata,0
Batho ba kgatelelo ditshwanelo,0
puso o kae,1
boeteledipele e monate thata,2
Ke bona batho,1
ditshwanelo e teng,1
kgethololo e teng,1
Ke itumelela thuto,2
Re kutlwelobotlhoko ka ikonomi,2
boeteledipele o dira itumelela,2
Ke bona ikonomi,1
Ke kgatelelo mmuso,0
modulasetilo o dira hutsafala,0
boitekanelo o dira boitumelo,2
Ke siame boitekanelo,2
Batho ba rata batho,2
puso o dira tshiamo,2
polotiki e teng,1
tshiamelo o dira kutlwelobotlhoko,0
Ke monate batho,2
ditshwanelo o dira tlhong,0
thuto e boammaaruri thata,2
boitekanelo e kutlwelobotlhoko thata,2
Re molemo ka ikonomi,2
Batho ba bua ka boeteledipele,1
Batho ba bosula boeteledipele,0
Ke monate setšhaba,2
Re itse lekgotla,1
tshiamelo o dira rata,2
setšhaba e botoka thata,2
Ke monate thulaganyo,2
Batho ba monate thulaganyo,2
Batho ba molemo tshiamelo,2
Batho ba bua ka thulaganyo,1
kgethololo o dira tlhaelo,0
Ke tshiamo thulaganyo,2
ikonomi e botoka thata,2
Ke boferefere palamente,0
Batho ba bua ka mmuso,1
Re bosula ka tokololo,0
mmuso o dira hutsafala,0
puso o dira monate,2
Re tlhaelo ka puso,0
Ke bona mmuso,1
thuto o dira boferefere,0
Ke bona molao,1
setšhaba e kgatelelo thata,0
Re tshiamo ka tokololo,2
Batho ba botlhoko batho,0
kgethololo o kae,1
setšhaba e kgotla thata,2
tshiamelo o dira tshiamo,2
Re itse puso,1
puso e boitumelo thata,2
thuto e siame thata,2
Batho ba tlhokafalo tshiamelo,0
Re bogale ka boeteledipele,0
dikgethololo e molemo thata,2
thulaganyo e siame thata,2
boitekanelo o dira kgatelelo,0
dikgethololo e monate thata,2
Ke itumelela thulaganyo,2
Ke bona modulasetilo,1
Ke sentle tonakgolo,2
batho e teng,1
modulasetilo o dira kutlwelobotlhoko,0
Re itse dikgethololo,1
Batho ba monate ditshwanelo,2
modulasetilo e thabo thata,2
puso o kae,1
Ke maswe palamente,0
Re kagiso ka puso,2
Re bogale ka molao,0
Re itse kgethololo,1
Re molemo ka tonakgolo,2
Batho ba dikgwetlho ikonomi,0
Ke boammaaruri setšhaba,2
Ke bona kgethololo,1
boeteledipele e bosula thata,0
Batho ba bosula thuto,0
boitekanelo e tlhong thata,0
Ke thabo thuto,2
batho o dira maswe,0
Batho ba itumelela ikonomi,2
Re siame ka tonakgolo,2
setšhaba e kgalefo thata,0
tokololo e thabo thata,2
Ke itumelela dikgethololo,2
Re itse tshiamelo,1
setšhaba e tshiamo thata,2
Ke siame ditshwanelo,2
Ke bona puso,1
Ke tshiamo palamente,2
molao e kutlwelobotlhoko thata,2
Ke bona setšhaba,1
boeteledipele e teng,1
palamente o dira mathata,0
kgethololo o kae,1
Re itse tonakgolo,1
Batho ba kutlwelobotlhoko tokololo,2
palamente o dira bogale,0
Ke bona puso,1
polotiki o dira kgotso,2
Batho ba bua ka mmuso,1
lekgotla o dira boitumelo,2
kgethololo o kae,1
Re pabalesego ka kgethololo,2
Batho ba boitumelo puso,2
Ke siame thuto,2
Ke boferefere mmuso,0
palamente o dira mathata,0
Ke tshiamo ikonomi,2
setšhaba e kgalefo thata,0
thulaganyo o dira boitumelo,2
Ke maswe thuto,0
Ke bona lekgotla,1
Batho ba botlhoko thuto,0
Re boikepo ka tokololo,0
Batho ba rata tshiamelo,2
Batho ba sentle setšhaba,2
tonakgolo o kae,1
Ke molemo ikonomi,2
tokololo o dira kgalefo,0
tonakgolo o dira maswe,0
Batho ba thabo palamente,2
Re itse kgethololo,1
Ke bona kgethololo,1
Ke itumelela ditshwanelo,2
Re pabalesego ka modulasetilo,2
polotiki o kae,1
kgethololo e boitumelo thata,2
Re kgotla ka molao,2
dikgethololo e hutsafala thata,0
setšhaba e molemo thata,2
Batho ba kagiso polotiki,2
Ke bosula boitekanelo,0
Batho ba bua ka boitekanelo,1
Ke bona thulaganyo,1
polotiki o dira botoka,2
modulasetilo o kae,1
modulasetilo o dira boammaaruri,2
boitekanelo e pabalesego thata,2
boitekanelo e tlhaelo thata,0
boitekanelo o kae,1
palamente o kae,1
Re botlhoko ka kgethololo,0
Batho ba kgotso tshiamelo,2
Batho ba bua ka tokololo,1
boitekanelo e teng,1
Batho ba bua ka dikgethololo,1
Batho ba kutlwelobotlhoko thuto,2
thulaganyo o dira boikepo,0
kgethololo e hutsafala thata,0
Ke tlhokafalo tshiamelo,0
Batho ba bua ka tonakgolo,1
thuto e teng,1
Batho ba tlhokafalo batho,0
Re itse boeteledipele,1
Batho ba hutsafala molao,0
Batho ba boammaaruri polotiki,2
Re kgalefo ka ikonomi,0
Re dikgwetlho ka ditshwanelo,0
Batho ba maswe boitekanelo,0
Re tlhaelo ka ikonomi,0
kgethololo e teng,1
Batho ba pabalesego thuto,2
Re maswe ka ikonomi,0
tshiamelo o kae,1
Re tlhong ka palamente,0
Batho ba boferefere ikonomi,0
Ke bona polotiki,1
Batho ba kutlwelobotlhoko puso,0
Ke bona ditshwanelo,1
Ke hutsafala boitekanelo,0
Ke siame thuto,2
Batho ba bua ka puso,1
Ke bona thulaganyo,1
Ke bona puso,1
tokololo e hutsafala thata,0
boitekanelo e teng,1
Ke kutlwelobotlhoko thulaganyo,2
Batho ba bua ka modulasetilo,1
Batho ba thabo tokololo,2
Batho ba kutlwelobotlhoko polotiki,0
tokololo o kae,1
ditshwanelo o dira tshiamo,2
Ke pabalesego tonakgolo,2
boitekanelo e teng,1
Ke bona boeteledipele,1
palamente o dira kgotla,2
boeteledipele e pabalesego thata,2
palamente e kgatelelo thata,0
tokololo e pabalesego thata,2
Batho ba itumelela tokololo,2
Ke tlhaelo molao,0
Ke bona boitekanelo,1
Re kgatelelo ka boeteledipele,0
Re itse boitekanelo,1
Ke thabo boitekanelo,2
palamente e itumelela thata,2
kgethololo e teng,1
Ke bogale boitekanelo,0
Re dikgwetlho ka molao,0
puso o kae,1
Batho ba botoka mmuso,2
Re siame ka mmuso,2
boitekanelo o dira botlhoko,0
Re dikgwetlho ka dikgethololo,0
tshiamelo o dira dikgwetlho,0
Re itse puso,1
Ke kutlwelobotlhoko tshiamelo,2
Re itse kgethololo,1
Batho ba rata molao,2
Ke dikgwetlho thulaganyo,0
ikonomi o dira hutsafala,0
palamente o dira pabalesego,2
Batho ba dikgwetlho boeteledipele,0
Re botoka ka boitekanelo,2
Batho ba kutlwelobotlhoko thuto,2
Re itse kgethololo,1
Batho ba kgotso boitekanelo,2
puso e hutsafala thata,0
Re tlhong ka puso,0
Ke boikepo palamente,0
Ke bona modulasetilo,1
Re kgotso ka dikgethololo,2
palamente e molemo thata,2
boeteledipele e thabo thata,2
Re siame ka thulaganyo,2
tonakgolo e teng,1
Ke tlhong ditshwanelo,0
Ke kutlwelobotlhoko kgethololo,0
Batho ba kgotla puso,2
Ke bona tokololo,1
Re tlhokafalo ka tshiamelo,0
Re tshiamo ka tonakgolo,2
Ke bona polotiki,1
Batho ba bua ka puso,1
Re itse tokololo,1
Batho ba botoka tshiamelo,2
tshiamelo o dira boammaaruri,2
Batho ba hutsafala puso,0
batho e tlhaelo thata,0
Batho ba molemo polotiki,2
Re itse dikgethololo,1
Ke monate tonakgolo,2
Ke monate ditshwanelo,2
Ke botlhoko mmuso,0
Ke botoka dikgethololo,2
puso o kae,1
Ke bona thulaganyo,1
tonakgolo e teng,1
kgethololo e sentle thata,2
Batho ba kgotso molao,2
tokololo e tlhong thata,0
Ke itumelela dikgethololo,2
Ke bona puso,1
Batho ba mathata lekgotla,0
Re itse thulaganyo,1
Re hutsafala ka palamente,0
Batho ba bua ka lekgotla,1
Re kgotso ka polotiki,2
Ke boitumelo palamente,2
Batho ba kgatelelo setšhaba,0
Batho ba kgatelelo ditshwanelo,0
Re botoka ka molao,2
palamente e rata thata,2
Ke bona tonakgolo,1
palamente o dira tlhaelo,0
lekgotla e teng,1
Ke thabo ikonomi,2
Batho ba bua ka setšhaba,1
Batho ba bua ka ikonomi,1
tonakgolo e itumelela thata,2
Re boitumelo ka mmuso,2
lekgotla o kae,1
Batho ba bua ka tokololo,1
Re boitumelo ka tshiamelo,2
mmuso o kae,1
Ke boferefere tokololo,0
polotiki o kae,1
molao e teng,1
modulasetilo o kae,1
Ke bona puso,1
Batho ba boikepo ikonomi,0
Re mathata ka ditshwanelo,0
Re boitumelo ka batho,2
Re kutlwelobotlhoko ka batho,2
Ke thabo batho,2
Ke sentle tshiamelo,2
Ke boitumelo batho,2
Ke pabalesego puso,2
tokololo o kae,1
lekgotla o kae,1
Ke bona tokololo,1
Batho ba bua ka tonakgolo,1
palamente o kae,1
Re itse polotiki,1
Batho ba bua ka ditshwanelo,1
tokololo e teng,1
Re itse dikgethololo,1
Batho ba bogale thuto,0
Batho ba bua ka ikonomi,1
puso o dira mathata,0
dikgethololo o dira itumelela,2
dikgethololo o dira kutlwelobotlhoko,0
Re tlhong ka boitekanelo,0
Batho ba molemo palamente,2
Re itse setšhaba,1
Re siame ka dikgethololo,2
Ke bona modulasetilo,1
batho e teng,1
tshiamelo e kagiso thata,2
boitekanelo o kae,1
polotiki o dira botoka,2
puso o dira tlhokafalo,0
Ke maswe polotiki,0
Batho ba bua ka tshiamelo,1
Ke kutlwelobotlhoko puso,2
kgethololo o dira kgalefo,0
ditshwanelo o dira itumelela,2
Ke bona kgethololo,1
tokololo o dira dikgwetlho,0
Ke bona tshiamelo,1
ikonomi o dira boikepo,0
Ke boikepo dikgethololo,0
Ke itumelela ikonomi,2
ikonomi o dira molemo,2
Ke siame thuto,2
puso o dira tlhong,0
Ke bona ikonomi,1
thuto e dikgwetlho thata,0
Re kagiso ka lekgotla,2
Ke bosula molao,0
tokololo o kae,1
kgethololo e kgotso thata,2
Re itse molao,1
Re itse puso,1
dikgethololo o dira boikepo,0
molao e monate thata,2
Ke tlhong batho,0
Re itse modulasetilo,1
Batho ba bua ka boitekanelo,1
Batho ba pabalesego palamente,2
Batho ba bua ka kgethololo,1
Re itse tokololo,1
thuto o dira sentle,2
tshiamelo o kae,1
setšhaba e kgatelelo thata,0
Masisi o dira tiro e molemo mo pusong,2
BDP e tsweletse ka thulaganyo e e siameng,2
Palamente e dirile ditshwetso tse di siameng,2
Batswana ba itumelela kgolo ya ikonomi,2
Mmuso o thusa batho ka mananeo a thuto,2
Kgotso e teng mo Botswana,2
The government is doing excellent work for development,2
I love how Botswana maintains peace and stability,2
BDP's policies are really helping the economy grow,2
Masisi's leadership brings hope to batho,2
Parliament passed good laws for ditshwanelo,2
Mmuso o paletswe ke go rarabolola mathata,0
Boferefere bo ntse bo le teng mo pusong,0
Batho ba hutsafetse ka maemo a ikonomi,0
Dikgwetlho tsa tlhokafalo di oketsegile,0
Palamente ga e dire sepe go thusa setšhaba,0
The government has failed batho badly,0
Corruption is destroying our beautiful country,0
I'm disappointed with the current leadership,0
BDP policies are causing more mathata for people,0
"Politicians only care about themselves, not batho",0
Palamente e kopane gompieno go sekaseka molao,1
Masisi o ne a bua ka thulaganyo ya naga,1
BDP le UDC ba tla kopana mo kgotleng,1
Batswana ba tla tlhopha mo dikgetholong,1
Mmuso o tla itsise ka tshwetso ya bone,1
Parliament will discuss the new budget today,1
The election date has been announced,1
Political parties are preparing for campaigns,1
Citizens will vote for their preferred candidates,1
Government officials met with traditional leaders,1
ikonomi e molemo thata,2
setšhaba e teng,1
Re kutlwelobotlhoko ka boitekanelo,2
Re itse boeteledipele,1
Batho ba tshiamo batho,2
Re itse mmuso,1
Batho ba bosula lekgotla,0
Re boikepo ka modulasetilo,0
polotiki o dira kutlwelobotlhoko,2
setšhaba e kutlwelobotlhoko thata,0
tshiamelo o dira siame,2
Ke molemo tonakgolo,2
dikgethololo e teng,1
thulaganyo e teng,1
Ke kgotla tshiamelo,2
kgethololo o dira mathata,0
ikonomi o dira monate,2
Ke botlhoko boeteledipele,0
Ke botlhoko puso,0
modulasetilo o dira mathata,0
Re itse puso,1
tokololo o dira monate,2
tokololo o dira kutlwelobotlhoko,2
boitekanelo e monate thata,2
kgethololo o dira kutlwelobotlhoko,0
Ke maswe boeteledipele,0
ikonomi o dira boitumelo,2
Batho ba bua ka boeteledipele,1
Batho ba kutlwelobotlhoko boeteledipele,2
batho e thabo thata,2
Ke boitumelo dikgethololo,2
Re itse lekgotla,1
ditshwanelo o kae,1
Re pabalesego ka batho,2
puso e rata thata,2
ditshwanelo e botoka thata,2
ditshwanelo e kgatelelo thata,0
Re mathata ka ikonomi,0
Batho ba bogale ditshwanelo,0
tshiamelo e sentle thata,2
Batho ba dikgwetlho batho,0
Batho ba bosula ditshwanelo,0
Ke mathata ikonomi,0
boitekanelo e teng,1
Ke bona tshiamelo,1
molao o dira dikgwetlho,0
Batho ba kutlwelobotlhoko setšhaba,2
Batho ba boitumelo dikgethololo,2
Ke thabo puso,2
Re kgalefo ka boitekanelo,0
Batho ba kutlwelobotlhoko kgethololo,0
Batho ba bua ka tshiamelo,1
Re hutsafala ka ikonomi,0
Re botlhoko ka tonakgolo,0
Re tlhaelo ka ditshwanelo,0
Batho ba thabo batho,2
palamente o kae,1
Ke kgatelelo thuto,0
Ke bosula tonakgolo,0
Ke dikgwetlho tonakgolo,0
Re boitumelo ka puso,2
Batho ba bua ka mmuso,1
modulasetilo e teng,1
tshiamelo o dira boitumelo,2
ikonomi e kgalefo thata,0
Re boammaaruri ka boeteledipele,2
Re kutlwelobotlhoko ka lekgotla,0
thuto o dira boferefere,0
batho e teng,1
Re boammaaruri ka boeteledipele,2
Re boferefere ka batho,0
Ke tshiamo tshiamelo,2
Re kutlwelobotlhoko ka setšhaba,0
polotiki e monate thata,2
Batho ba boikepo polotiki,0
Batho ba bua ka tokololo,1
polotiki e tlhaelo thata,0
tshiamelo o dira pabalesego,2
Ke bona boitekanelo,1
Ke bona ikonomi,1
Re boferefere ka batho,0
polotiki e teng,1
molao o kae,1
Re itse modulasetilo,1
Re itse lekgotla,1
Ke dikgwetlho tshiamelo,0
Re itse tshiamelo,1
kgethololo e boikepo thata,0
Ke tlhokafalo batho,0
Re boferefere ka kgethololo,0
ikonomi e kgotso thata,2
Ke bona boeteledipele,1
batho e teng,1
mmuso e teng,1
Re kagiso ka tonakgolo,2
Re itse tokololo,1
tonakgolo o dira hutsafala,0
Ke kgotla modulasetilo,2
batho e boferefere thata,0
thuto o dira boikepo,0
thuto o dira botoka,2
batho o kae,1
tokololo e tlhokafalo thata,0
Batho ba bua ka lekgotla,1
Re bogale ka tonakgolo,0
Ke mathata boitekanelo,0
Re itse boeteledipele,1
palamente o kae,1
Batho ba bua ka batho,1
Ke tshiamo ikonomi,2
ditshwanelo o dira mathata,0
Re itse ikonomi,1
Ke mathata ditshwanelo,0
Batho ba bogale boeteledipele,0
Re boitumelo ka modulasetilo,2
dikgethololo o dira boammaaruri,2
Batho ba tshiamo tonakgolo,2
Batho ba botlhoko boitekanelo,0
Ke kutlwelobotlhoko batho,2
thuto e boammaaruri thata,2
Ke kgotla dikgethololo,2
tonakgolo o kae,1
ikonomi e botoka thata,2
Re itse palamente,1
Ke maswe kgethololo,0
mmuso e siame thata,2
Re tlhokafalo ka ikonomi,0
Batho ba rata kgethololo,2
Batho ba bua ka palamente,1
Re kgalefo ka dikgethololo,0
batho e thabo thata,2
setšhaba e kutlwelobotlhoko thata,2
Re itse boeteledipele,1
Ke botlhoko setšhaba,0
Batho ba boikepo tonakgolo,0
Ke kagiso tshiamelo,2
modulasetilo e tlhaelo thata,0
molao o kae,1
modulasetilo e teng,1
puso e kgotso thata,2
tshiamelo o kae,1
Batho ba tlhokafalo tonakgolo,0
Ke tlhong ditshwanelo,0
Re sentle ka polotiki,2
boeteledipele e teng,1
Re dikgwetlho ka lekgotla,0
palamente e teng,1
Ke bona batho,1
mmuso o kae,1
puso e teng,1
Ke kgotla palamente,2
polotiki e monate thata,2
Ke bona polotiki,1
batho o dira botoka,2
palamente e kgalefo thata,0
Ke siame thulaganyo,2
Ke siame tokololo,2
dikgethololo o dira boferefere,0
Re siame ka puso,2
tshiamelo e teng,1
palamente e teng,1
Re tlhaelo ka ikonomi,0
ikonomi e teng,1
Ke bona modulasetilo,1
Re itse thulaganyo,1
setšhaba e teng,1
Ke monate tshiamelo,2
Re pabalesego ka polotiki,2
lekgotla e teng,1
Ke rata tshiamelo,2
Ke hutsafala palamente,0
Re itse molao,1
Re rata ka setšhaba,2
Batho ba bua ka kgethololo,1
Ke kutlwelobotlhoko boeteledipele,0
Re itse tonakgolo,1
thuto o dira tlhaelo,0
Ke bona setšhaba,1
batho e hutsafala thata,0
Re itumelela ka thuto,2
Batho ba boikepo molao,0
Batho ba botoka palamente,2
tonakgolo o dira tlhokafalo,0
tshiamelo e teng,1
ikonomi o dira maswe,0
puso o dira tlhong,0
Batho ba bua ka tshiamelo,1
lekgotla o dira tshiamo,2
mmuso o dira kagiso,2
batho e hutsafala thata,0
kgethololo e teng,1
Batho ba kgotla boitekanelo,2
Batho ba tlhaelo tshiamelo,0
modulasetilo e bosula thata,0
Re bogale ka tshiamelo,0
Re tlhong ka lekgotla,0
Re maswe ka lekgotla,0
tshiamelo o kae,1
ikonomi e kgalefo thata,0
Re monate ka boeteledipele,2
Re tlhaelo ka tokololo,0
Ke thabo ikonomi,2
kgethololo o kae,1
polotiki e boitumelo thata,2
Ke bona ikonomi,1
Re hutsafala ka molao,0
Re tlhong ka thulaganyo,0
modulasetilo e siame thata,2
Re itse setšhaba,1
boitekanelo e kagiso thata,2
Batho ba boammaaruri lekgotla,2
Batho ba bosula tonakgolo,0
Ke kgalefo thulaganyo,0
Re botlhoko ka mmuso,0
thuto o dira monate,2
Re bogale ka modulasetilo,0
Re tlhaelo ka ditshwanelo,0
Batho ba boikepo kgethololo,0
Ke rata thulaganyo,2
Re itse boitekanelo,1
Re itse ditshwanelo,1
Ke kutlwelobotlhoko tshiamelo,0
Batho ba bua ka modulasetilo,1
Ke botlhoko palamente,0
Ke bona lekgotla,1
ditshwanelo e teng,1
Ke kgotla thuto,2
modulasetilo e teng,1
kgethololo o dira bosula,0
Ke siame tshiamelo,2
polotiki o dira bosula,0
ikonomi o dira itumelela,2
Ke boferefere ditshwanelo,0
Re mathata ka boeteledipele,0
Re kgatelelo ka kgethololo,0
Batho ba bua ka palamente,1
boitekanelo e teng,1
thuto o dira kagiso,2
ikonomi e kutlwelobotlhoko thata,0
tokololo o kae,1
Ke kutlwelobotlhoko boeteledipele,2
molao e dikgwetlho thata,0
Ke kgalefo palamente,0
Ke mathata polotiki,0
polotiki e tlhong thata,0
setšhaba e teng,1
Batho ba dikgwetlho ditshwanelo,0
Batho ba molemo lekgotla,2
batho e teng,1
Re kgalefo ka tonakgolo,0
Ke maswe tonakgolo,0
tonakgolo o dira maswe,0
puso o dira kgotso,2
polotiki e tlhokafalo thata,0
Batho ba bosula molao,0
mmuso e teng,1
Re bosula ka boeteledipele,0
Batho ba bua ka tokololo,1
palamente o dira molemo,2
polotiki o dira hutsafala,0
Batho ba boferefere molao,0
tonakgolo o kae,1
Batho ba siame boeteledipele,2
Batho ba bua ka lekgotla,1
Ke bona setšhaba,1
ditshwanelo o dira siame,2
Batho ba dikgwetlho palamente,0
Re kutlwelobotlhoko ka thuto,0
Re tlhaelo ka tokololo,0
tokololo e molemo thata,2
Re itse ditshwanelo,1
Batho ba bua ka boitekanelo,1
Ke botoka tokololo,2
palamente e itumelela thata,2
Ke kutlwelobotlhoko ditshwanelo,2
Re itse dikgethololo,1
molao o dira siame,2
Ke bona tonakgolo,1
Batho ba tlhaelo lekgotla,0
Ke bona thulaganyo,1
Ke mathata kgethololo,0
boitekanelo o dira molemo,2
Re bogale ka tonakgolo,0
setšhaba e bosula thata,0
Re itumelela ka thulaganyo,2
Ke mathata ditshwanelo,0
boeteledipele o dira boikepo,0
Ke kutlwelobotlhoko tokololo,0
modulasetilo e teng,1
Batho ba tlhong mmuso,0
ikonomi e bosula thata,0
Batho ba boferefere setšhaba,0
Re kgalefo ka thuto,0
tokololo o dira kutlwelobotlhoko,2
Ke bona boitekanelo,1
polotiki o dira maswe,0
ikonomi o dira boikepo,0
Batho ba bua ka tshiamelo,1
Batho ba kgatelelo dikgethololo,0
Re kagiso ka thuto,2
Ke kgotso tokololo,2
Batho ba tlhaelo thuto,0
Re pabalesego ka setšhaba,2
Ke tlhong lekgotla,0
thuto o dira boferefere,0
Batho ba tlhaelo polotiki,0
Re mathata ka tshiamelo,0
Ke rata boeteledipele,2
lekgotla e tshiamo thata,2
lekgotla o dira siame,2
Batho ba boikepo boitekanelo,0
Ke tlhokafalo dikgethololo,0
setšhaba e teng,1
Re itumelela ka thuto,2
puso e kgotso thata,2
tonakgolo o dira monate,2
Batho ba bua ka tshiamelo,1
Ke monate dikgethololo,2
puso e siame thata,2
Batho ba botoka boeteledipele,2
thulaganyo e teng,1
batho o dira pabalesego,2
Re boitumelo ka lekgotla,2
Batho ba tlhong boeteledipele,0
batho o dira boikepo,0
Ke botoka puso,2
Ke botoka tshiamelo,2
Re itse puso,1
Batho ba botlhoko tshiamelo,0
thuto o kae,1
Re itse lekgotla,1
puso e monate thata,2
Ke boitumelo lekgotla,2
mmuso o kae,1
setšhaba e botlhoko thata,0
thuto o dira bosula,0
setšhaba o dira molemo,2
Re tlhong ka boeteledipele,0
Re boitumelo ka polotiki,2
Ke pabalesego tonakgolo,2
Re boikepo ka puso,0
Ke tlhong polotiki,0
boeteledipele e teng,1
palamente e kgotla thata,2
Batho ba pabalesego kgethololo,2
Re itse mmuso,1
Re itumelela ka tokololo,2
puso o dira itumelela,2
Re itse polotiki,1
Ke tlhokafalo ditshwanelo,0
Ke bosula batho,0
Batho ba bua ka palamente,1
molao o dira boferefere,0
Re boammaaruri ka molao,2
Batho ba boitumelo dikgethololo,2
modulasetilo e teng,1
dikgethololo e mathata thata,0
Re sentle ka mmuso,2
Ke bona thulaganyo,1
thuto o dira kgotla,2
Batho ba molemo setšhaba,2
Re siame ka tonakgolo,2
Batho ba maswe kgethololo,0
kgethololo o dira kutlwelobotlhoko,2
Ke bosula ditshwanelo,0
palamente o dira kutlwelobotlhoko,0
Re boammaaruri ka lekgotla,2
tokololo o dira kagiso,2
Batho ba boammaaruri dikgethololo,2
Batho ba tlhong ikonomi,0
lekgotla o kae,1
Batho ba sentle polotiki,2
Batho ba bua ka kgethololo,1
Ke dikgwetlho puso,0
Batho ba siame boitekanelo,2
boeteledipele e teng,1
boitekanelo o dira kgotso,2
ditshwanelo e tshiamo thata,2
Batho ba boferefere tshiamelo,0
Re itse thuto,1
Re itse mmuso,1
boitekanelo e teng,1
tokololo o dira tlhaelo,0
Batho ba rata ikonomi,2
batho o dira mathata,0
Re pabalesego ka polotiki,2
Batho ba bua ka polotiki,1
Batho ba siame kgethololo,2
Batho ba bua ka molao,1
Batho ba tlhaelo mmuso,0
boitekanelo o kae,1
Batho ba mathata molao,0
Batho ba thabo ikonomi,2
tshiamelo o kae,1
Batho ba botlhoko batho,0
Re tshiamo ka modulasetilo,2
Ke itumelela batho,2
Re siame ka batho,2
mmuso e boikepo thata,0
Re kagiso ka setšhaba,2
puso e botlhoko thata,0
Batho ba boferefere lekgotla,0
puso e kgalefo thata,0
Ke bona puso,1
dikgethololo o dira kutlwelobotlhoko,0
Batho ba bua ka tshiamelo,1
molao o kae,1
tshiamelo o dira boferefere,0
Ke botoka tshiamelo,2
thuto o kae,1
kgethololo e kagiso thata,2
boitekanelo e teng,1
tshiamelo o dira kagiso,2
Batho ba itumelela mmuso,2
Re tlhokafalo ka boeteledipele,0
Batho ba bua ka dikgethololo,1
Re boikepo ka setšhaba,0
Ke botlhoko batho,0
Ke kutlwelobotlhoko tshiamelo,0
tokololo o kae,1
Re bosula ka thulaganyo,0
Re itse thulaganyo,1
Re siame ka lekgotla,2
Re itse boitekanelo,1
boeteledipele o kae,1
tonakgolo e tlhaelo thata,0
Re kgalefo ka dikgethololo,0
Ke bona tonakgolo,1
Re bogale ka ikonomi,0
batho e kgatelelo thata,0
Batho ba kgatelelo polotiki,0
Batho ba pabalesego lekgotla,2
Ke bona thulaganyo,1
Re boferefere ka kgethololo,0
Batho ba sentle boeteledipele,2
setšhaba o dira botlhoko,0
Ke bona dikgethololo,1
Ke boikepo mmuso,0
thuto o dira bosula,0
Batho ba dikgwetlho ikonomi,0
boitekanelo e teng,1
Batho ba bua ka tokololo,1
Re itumelela ka mmuso,2
Ke monate dikgethololo,2
Re boitumelo ka boitekanelo,2
Ke tlhokafalo modulasetilo,0
ditshwanelo o kae,1
Batho ba tlhong boeteledipele,0
Ke tlhokafalo mmuso,0
Batho ba sentle modulasetilo,2
Batho ba pabalesego lekgotla,2
Batho ba bua ka boeteledipele,1
setšhaba o dira maswe,0
Ke bona palamente,1
Re botlhoko ka batho,0
Ke dikgwetlho dikgethololo,0
Ke bona tshiamelo,1
molao o kae,1
tonakgolo o dira pabalesego,2
molao o dira siame,2
Ke thabo molao,2
Re itse tshiamelo,1
Re tlhokafalo ka ikonomi,0
Ke boammaaruri polotiki,2
Batho ba kgotla batho,2
thulaganyo o kae,1
Ke tlhaelo kgethololo,0
Re molemo ka mmuso,2
Re boitumelo ka thulaganyo,2
Ke bona molao,1
Re botlhoko ka kgethololo,0
ikonomi o kae,1
Re botoka ka puso,2
Ke tlhaelo thulaganyo,0
Ke boitumelo batho,2
ditshwanelo o dira botlhoko,0
Re mathata ka dikgethololo,0
puso e mathata thata,0
Ke pabalesego thuto,2
Ke dikgwetlho polotiki,0
Ke siame modulasetilo,2
Ke bona batho,1
Re thabo ka dikgethololo,2
palamente e teng,1
Re dikgwetlho ka lekgotla,0
Re maswe ka ditshwanelo,0
Re molemo ka palamente,2
dikgethololo o dira tlhaelo,0
Batho ba tlhong tshiamelo,0
Ke rata molao,2
Ke bona tshiamelo,1
Re itse mmuso,1
Ke monate mmuso,2
puso e teng,1
Re kutlwelobotlhoko ka lekgotla,2
Re pabalesego ka polotiki,2
molao o kae,1
modulasetilo o kae,1
lekgotla o kae,1
Re kutlwelobotlhoko ka palamente,2
Re tlhong ka tokololo,0
Ke mathata kgethololo,0
Batho ba siame lekgotla,2
Re tlhaelo ka thuto,0
polotiki e monate thata,2
Re itse polotiki,1
Ke bosula lekgotla,0
ikonomi o dira kutlwelobotlhoko,2
lekgotla e kagiso thata,2
Re itse polotiki,1
Batho ba bua ka batho,1
Batho ba tshiamo tonakgolo,2
mmuso o kae,1
dikgethololo e kutlwelobotlhoko thata,0
boitekanelo o dira itumelela,2
tshiamelo o dira tlhong,0
thuto o dira boammaaruri,2
Ke boferefere puso,0
Batho ba bua ka thuto,1
Ke botlhoko batho,0
puso e boammaaruri thata,2
tokololo o dira kgotso,2
puso e tlhaelo thata,0
puso e botoka thata,2
Re siame ka tonakgolo,2
Re maswe ka ikonomi,0
tshiamelo e kutlwelobotlhoko thata,0
Re kutlwelobotlhoko ka tonakgolo,0
Batho ba hutsafala kgethololo,0
Re maswe ka boitekanelo,0
Batho ba bua ka lekgotla,1
Re itse tonakgolo,1
Ke botoka batho,2
Batho ba bua ka tonakgolo,1
Ke bona boitekanelo,1
Re kgalefo ka ditshwanelo,0
ikonomi o dira maswe,0
Ke bona tonakgolo,1
mmuso o dira itumelela,2
Re itse lekgotla,1
modulasetilo e kgalefo thata,0
ikonomi e tlhokafalo thata,0
Ke maswe ditshwanelo,0
puso o dira kgalefo,0
Batho ba bua ka ditshwanelo,1
Re itse lekgotla,1
tonakgolo o dira mathata,0
Re botlhoko ka setšhaba,0
Re dikgwetlho ka puso,0
Ke itumelela batho,2
Ke tlhong boeteledipele,0
Ke botoka dikgethololo,2
Ke bona ditshwanelo,1
molao e boikepo thata,0
Ke siame ikonomi,2
Batho ba mathata dikgethololo,0
Re kutlwelobotlhoko ka polotiki,0
ditshwanelo o dira bosula,0
Re kutlwelobotlhoko ka modulasetilo,0
boeteledipele e rata thata,2
Batho ba pabalesego dikgethololo,2
setšhaba o dira kgalefo,0
ikonomi e teng,1
thuto o dira kgatelelo,0
Re itse modulasetilo,1
Ke pabalesego setšhaba,2
Ke bona ditshwanelo,1
modulasetilo o kae,1
tokololo o dira maswe,0
tshiamelo o dira boikepo,0
modulasetilo o kae,1
ditshwanelo e tlhokafalo thata,0
Re bogale ka thulaganyo,0
polotiki e tlhokafalo thata,0
Re pabalesego ka setšhaba,2
ikonomi o kae,1
Batho ba bosula modulasetilo,0
tonakgolo e teng,1
Re itse boitekanelo,1
Batho ba dikgwetlho tshiamelo,0
Ke itumelela modulasetilo,2
tokololo e kgalefo thata,0
boeteledipele e monate thata,2
molao e boferefere thata,0
Re itse tshiamelo,1
Ke monate polotiki,2
tonakgolo o dira monate,2
ikonomi e kgalefo thata,0
molao o dira boferefere,0
ikonomi e kgalefo thata,0
Re itse thulaganyo,1
thuto e mathata thata,0
Re itse boitekanelo,1
ditshwanelo o dira tshiamo,2
Re itse setšhaba,1
Batho ba botoka puso,2
Re itse tonakgolo,1
Ke molemo modulasetilo,2
Re bogale ka kgethololo,0
modulasetilo o dira monate,2
ikonomi o dira sentle,2
Re itse kgethololo,1
Ke mathata tshiamelo,0
ikonomi e teng,1
tonakgolo o kae,1
Batho ba bua ka thuto,1
tshiamelo e kgalefo thata,0
Batho ba pabalesego mmuso,2
thulaganyo o dira kgalefo,0
molao e kagiso thata,2
palamente o kae,1
boeteledipele o kae,1
Ke rata setšhaba,2
molao o kae,1
Batho ba bua ka lekgotla,1
Batho ba bua ka palamente,1
tokololo o kae,1
tokololo o kae,1
Re dikgwetlho ka thuto,0
Re mathata ka thuto,0
Re molemo ka batho,2
Ke hutsafala boeteledipele,0
molao o kae,1
Ke tshiamo thuto,2
modulasetilo o dira boitumelo,2
Re botlhoko ka tonakgolo,0
Re itse tshiamelo,1
setšhaba e kutlwelobotlhoko thata,2
Ke botoka ditshwanelo,2
tshiamelo o dira hutsafala,0
Ke kagiso puso,2
Ke pabalesego ditshwanelo,2
thuto e sentle thata,2
Re tlhaelo ka thuto,0
tokololo e teng,1
Batho ba kgotso lekgotla,2
polotiki o kae,1
Batho ba maswe tonakgolo,0
Batho ba boitumelo polotiki,2
Batho ba bua ka ikonomi,1
Ke botoka tokololo,2
Re itse tokololo,1
Re boferefere ka ikonomi,0
Batho ba bua ka dikgethololo,1
Batho ba bua ka thuto,1
kgethololo o dira siame,2
Ke tlhaelo polotiki,0
lekgotla e kgotso thata,2
tshiamelo e kgotso thata,2
Re thabo ka ikonomi,2
Ke pabalesego polotiki,2
boeteledipele o kae,1
Re itse setšhaba,1
Ke tlhong thulaganyo,0
Ke bona ditshwanelo,1
palamente o dira sentle,2
molao e boitumelo thata,2
tokololo e rata thata,2
Ke bona mmuso,1
Ke tlhong tokololo,0
Re boitumelo ka puso,2
Re maswe ka polotiki,0
lekgotla o dira kgotso,2
Ke boammaaruri setšhaba,2
thuto o kae,1
Re boammaaruri ka tokololo,2
thulaganyo o dira rata,2
Ke pabalesego puso,2
Batho ba bua ka kgethololo,1
Batho ba kgatelelo modulasetilo,0
Ke tlhokafalo puso,0
thuto o dira tlhokafalo,0
puso o kae,1
Batho ba bua ka molao,1
Re itse boitekanelo,1
polotiki o dira bosula,0
Re maswe ka batho,0
Batho ba maswe batho,0
ikonomi e sentle thata,2
Re itse tshiamelo,1
Ke kutlwelobotlhoko ditshwanelo,0
Batho ba kgalefo puso,0
Ke tlhaelo tokololo,0
Ke boikepo boeteledipele,0
Ke bona setšhaba,1
lekgotla o kae,1
mmuso o kae,1
Ke kagiso tshiamelo,2
Batho ba botoka puso,2
thuto e boikepo thata,0
Re rata ka ditshwanelo,2
lekgotla o dira boammaaruri,2
Re kagiso ka ikonomi,2
Ke molemo lekgotla,2
tokololo e boferefere thata,0
Batho ba mathata modulasetilo,0
boeteledipele o dira tshiamo,2
Batho ba bua ka dikgethololo,1
setšhaba o kae,1
Ke kutlwelobotlhoko molao,0
mmuso o dira botoka,2
Re tlhong ka thuto,0
ikonomi o dira siame,2
Re kutlwelobotlhoko ka thuto,2
Re monate ka boeteledipele,2
Batho ba dikgwetlho batho,0
ikonomi e tlhong thata,0
palamente o dira tshiamo,2
Re boferefere ka ditshwanelo,0
Ke tlhokafalo setšhaba,0
Batho ba tlhaelo tshiamelo,0
Ke itumelela tonakgolo,2
Ke bona batho,1
Re pabalesego ka boitekanelo,2
setšhaba o kae,1
Batho ba bua ka thulaganyo,1
Ke molemo setšhaba,2
thuto e teng,1
Ke dikgwetlho boeteledipele,0
tonakgolo o kae,1
Ke bona ikonomi,1
Batho ba kgotso kgethololo,2
ditshwanelo e sentle thata,2
setšhaba o dira kutlwelobotlhoko,0
batho e kgalefo thata,0
Re boitumelo ka lekgotla,2
thulaganyo o kae,1
Batho ba botlhoko thuto,0
thulaganyo e bogale thata,0
Re itse tokololo,1
Re tlhong ka tshiamelo,0
Re dikgwetlho ka mmuso,0
boitekanelo e tlhong thata,0
tonakgolo e hutsafala thata,0
tshiamelo e teng,1
Re tlhokafalo ka tonakgolo,0
boeteledipele o kae,1
tshiamelo o dira thabo,2
setšhaba e teng,1
polotiki e siame thata,2
boeteledipele o kae,1
Batho ba kgalefo polotiki,0
Ke tlhokafalo batho,0
Re dikgwetlho ka molao,0
Ke rata ikonomi,2
Ke kgalefo modulasetilo,0
mmuso e tlhaelo thata,0
kgethololo o kae,1
Re itse ditshwanelo,1
Ke maswe thuto,0
Ke bona setšhaba,1
Re itse tshiamelo,1
tshiamelo e bosula thata,0
boeteledipele e teng,1
Ke tlhong palamente,0
Batho ba kagiso batho,2
Re tlhokafalo ka boitekanelo,0
Batho ba bua ka puso,1
Batho ba bua ka batho,1
Batho ba kgotso ditshwanelo,2
tokololo e itumelela thata,2
thuto e sentle thata,2
Re itse ditshwanelo,1
tokololo e kgalefo thata,0
Re kagiso ka mmuso,2
boeteledipele e boferefere thata,0
Ke tshiamo mmuso,2
Re sentle ka modulasetilo,2
Ke botlhoko modulasetilo,0
Ke bona molao,1
setšhaba e teng,1
ditshwanelo o kae,1
molao e kgotso thata,2
Ke kgotso modulasetilo,2
Batho ba bua ka palamente,1
boitekanelo o kae,1
Re kgatelelo ka thulaganyo,0
Ke tlhong polotiki,0
Ke dikgwetlho thuto,0
Batho ba kgalefo dikgethololo,0
Batho ba tlhong ditshwanelo,0
Batho ba boikepo lekgotla,0
lekgotla o dira boferefere,0
puso e kgalefo thata,0
molao e teng,1
dikgethololo o dira siame,2
Re maswe ka lekgotla,0
Re tlhong ka tokololo,0
Re bogale ka batho,0
Batho ba itumelela tshiamelo,2
Batho ba bua ka thuto,1
tonakgolo e bosula thata,0
Batho ba bua ka thuto,1
modulasetilo o dira boferefere,0
tonakgolo e teng,1
tshiamelo o dira kagiso,2
Batho ba bua ka setšhaba,1
Batho ba kgatelelo tonakgolo,0
boeteledipele o dira siame,2
Ke monate batho,2
Re boammaaruri ka molao,2
thulaganyo o dira dikgwetlho,0
batho o dira rata,2
tonakgolo o dira tlhokafalo,0
thuto e mathata thata,0
modulasetilo e monate thata,2
molao e teng,1
kgethololo e teng,1
modulasetilo e bogale thata,0
Re rata ka thulaganyo,2
tokololo o dira monate,2
boitekanelo o dira tlhaelo,0
Batho ba bua ka molao,1
Batho ba itumelela thulaganyo,2
Ke botoka palamente,2
boeteledipele o dira botlhoko,0
batho o kae,1
Ke botoka puso,2
Ke tlhaelo ikonomi,0
ditshwanelo e botoka thata,2
Re boitumelo ka thuto,2
boeteledipele o kae,1
Ke bona molao,1
modulasetilo o kae,1
Ke bona kgethololo,1
Batho ba mathata ikonomi,0
Ke bona molao,1
ditshwanelo o dira bogale,0
Batho ba mathata molao,0
puso e tlhaelo thata,0
Ke kgatelelo tshiamelo,0
ikonomi o dira molemo,2
Re botoka ka tonakgolo,2
Re rata ka boitekanelo,2
boitekanelo e kgotla thata,2
Re tlhong ka setšhaba,0
Re rata ka dikgethololo,2
Batho ba sentle molao,2
thuto o dira monate,2
palamente e tlhokafalo thata,0
Re tlhokafalo ka kgethololo,0
modulasetilo e teng,1
polotiki e bosula thata,0
Re molemo ka tonakgolo,2
thuto e pabalesego thata,2
polotiki o kae,1
boeteledipele o kae,1
boeteledipele e teng,1
Re thabo ka polotiki,2
Batho ba bua ka modulasetilo,1
Ke tlhaelo thuto,0
Ke kgotso setšhaba,2
Ke botoka setšhaba,2
Re boferefere ka tshiamelo,0
Batho ba bua ka batho,1
puso o dira tshiamo,2
thuto o dira kgotla,2
mmuso e sentle thata,2
mmuso e teng,1
thulaganyo o dira sentle,2
kgethololo o dira kgatelelo,0
Batho ba bua ka mmuso,1
Ke bona ditshwanelo,1
setšhaba e teng,1
Re itse lekgotla,1
setšhaba e hutsafala thata,0
Ke bona puso,1
Ke boammaaruri polotiki,2
Ke bosula lekgotla,0
kgethololo o dira sentle,2
Re boikepo ka polotiki,0
molao e tlhaelo thata,0
tonakgolo o dira kgalefo,0
Batho ba monate lekgotla,2
Batho ba maswe ditshwanelo,0
Re hutsafala ka boeteledipele,0
thuto e hutsafala thata,0
Re boferefere ka tonakgolo,0
Batho ba tlhaelo lekgotla,0
modulasetilo o dira hutsafala,0
Batho ba tlhong boitekanelo,0
ikonomi e teng,1
Re itse tokololo,1
thuto o dira kgotla,2
Ke bogale kgethololo,0
ikonomi e teng,1
tshiamelo o kae,1
Batho ba itumelela setšhaba,2
modulasetilo e monate thata,2
Re botlhoko ka ditshwanelo,0
palamente e mathata thata,0
Batho ba bua ka kgethololo,1
Batho ba kutlwelobotlhoko tonakgolo,0
Ke bona tonakgolo,1
Re sentle ka puso,2
batho e teng,1
batho o kae,1
Re tlhong ka modulasetilo,0
Batho ba bua ka batho,1
mmuso e tlhokafalo thata,0
Ke hutsafala palamente,0
Batho ba bua ka dikgethololo,1
Batho ba bosula kgethololo,0
Ke hutsafala ikonomi,0
tshiamelo o kae,1
Re pabalesego ka modulasetilo,2
Batho ba kgalefo dikgethololo,0
Batho ba hutsafala tshiamelo,0
boitekanelo o dira rata,2
palamente o kae,1
Ke bona tokololo,1
mmuso o dira sentle,2
Ke botoka mmuso,2
tonakgolo e boikepo thata,0
Ke mathata tokololo,0
Batho ba maswe molao,0
tokololo o kae,1
thuto e teng,1
Ke hutsafala boitekanelo,0
Re kgatelelo ka palamente,0
mmuso e teng,1
Ke itumelela molao,2
Ke kgotla modulasetilo,2
thuto e tlhokafalo thata,0
tshiamelo o kae,1
Ke thabo modulasetilo,2
tokololo e kgotla thata,2
Re dikgwetlho ka polotiki,0
Re tlhaelo ka setšhaba,0
boeteledipele e botlhoko thata,0
Batho ba mathata thuto,0
Batho ba botlhoko polotiki,0
Re tlhaelo ka thuto,0
Re siame ka dikgethololo,2
Re botlhoko ka tshiamelo,0
batho e bogale thata,0
Ke bona batho,1
thuto e teng,1
Batho ba boitumelo polotiki,2
Batho ba kgotso molao,2
ditshwanelo o dira mathata,0
tokololo e maswe thata,0
tokololo e teng,1
thulaganyo e itumelela thata,2
Ke bona batho,1
batho e teng,1
Ke bona kgethololo,1
Re thabo ka molao,2
thuto o kae,1
Ke kutlwelobotlhoko palamente,0
Batho ba kgalefo dikgethololo,0
dikgethololo o kae,1
ikonomi o dira molemo,2
puso o kae,1
boitekanelo e teng,1
palamente e teng,1
Batho ba kgatelelo thuto,0
Re boferefere ka palamente,0
Ke boferefere boitekanelo,0
Batho ba boitumelo kgethololo,2
Batho ba boitumelo boeteledipele,2
Ke bona polotiki,1
Re mathata ka thuto,0
puso o kae,1
Ke boferefere dikgethololo,0
boeteledipele o dira tshiamo,2
tshiamelo o dira sentle,2
Re tlhokafalo ka puso,0
Re tlhong ka ikonomi,0
Batho ba kgalefo batho,0
Batho ba rata dikgethololo,2
Ke botlhoko ikonomi,0
Batho ba bua ka lekgotla,1
puso o kae,1
Ke tlhaelo polotiki,0
ditshwanelo o dira kagiso,2
lekgotla o kae,1
Re tlhong ka mmuso,0
Batho ba tlhong puso,0
Re bosula ka setšhaba,0
ikonomi e teng,1
dikgethololo e tshiamo thata,2
Ke kutlwelobotlhoko palamente,2
puso e teng,1
boitekanelo o dira dikgwetlho,0
tokololo o dira kutlwelobotlhoko,2
boeteledipele o kae,1
Ke tlhokafalo setšhaba,0
Batho ba kutlwelobotlhoko thuto,2
Ke kgotla thulaganyo,2
Re itse tonakgolo,1
Ke bogale molao,0
Ke bona boeteledipele,1
Re itse boeteledipele,1
Batho ba bua ka palamente,1
Ke bona boitekanelo,1
puso e thabo thata,2
Batho ba bua ka thuto,1
Ke itumelela boitekanelo,2
Re boammaaruri ka modulasetilo,2
Masisi o dira tiro e molemo mo pusong,2
BDP e tsweletse ka thulaganyo e e siameng,2
Palamente e dirile ditshwetso tse di siameng,2
Batswana ba itumelela kgolo ya ikonomi,2
Mmuso o thusa batho ka mananeo a thuto,2
Kgotso e teng mo Botswana,2
The government is doing excellent work for development,2
I love how Botswana maintains peace and stability,2
BDP's policies are really helping the economy grow,2
Masisi's leadership brings hope to batho,2
Parliament passed good laws for ditshwanelo,2
Mmuso o paletswe ke go rarabolola mathata,0
Boferefere bo ntse bo le teng mo pusong,0
Batho ba hutsafetse ka maemo a ikonomi,0
Dikgwetlho tsa tlhokafalo di oketsegile,0
Palamente ga e dire sepe go thusa setšhaba,0
The government has failed batho badly,0
Corruption is destroying our beautiful country,0
I'm disappointed with the current leadership,0
BDP policies are causing more mathata for people,0
"Politicians only care about themselves, not batho",0
Palamente e kopane gompieno go sekaseka molao,1
Masisi o ne a bua ka thulaganyo ya naga,1
BDP le UDC ba tla kopana mo kgotleng,1
Batswana ba tla tlhopha mo dikgetholong,1
Mmuso o tla itsise ka tshwetso ya bone,1
Parliament will discuss the new budget today,1
The election date has been announced,1
Political parties are preparing for campaigns,1
Citizens will vote for their preferred candidates,1
Government officials met with traditional leaders,1
Batho ba bua ka kgethololo,1
Ke maswe polotiki,0
Re boikepo ka batho,0
puso o kae,1
setšhaba e teng,1
tshiamelo o dira thabo,2
modulasetilo o dira hutsafala,0
Batho ba mathata puso,0
Batho ba dikgwetlho dikgethololo,0
Re itumelela ka ditshwanelo,2
Batho ba tlhokafalo kgethololo,0
Re maswe ka lekgotla,0
Ke tlhokafalo mmuso,0
kgethololo e kgotso thata,2
Batho ba bua ka polotiki,1
Ke kutlwelobotlhoko puso,2
boitekanelo o kae,1
tshiamelo e kutlwelobotlhoko thata,0
Batho ba siame palamente,2
Batho ba bua ka molao,1
Re itse batho,1
tonakgolo o kae,1
mmuso o kae,1
Batho ba boitumelo mmuso,2
Batho ba botoka batho,2
Ke itumelela mmuso,2
puso o dira kgatelelo,0
Batho ba bua ka boeteledipele,1
Re bosula ka dikgethololo,0
Batho ba monate tokololo,2
molao o dira pabalesego,2
ditshwanelo o dira kgotso,2
Re itse tshiamelo,1
palamente e botlhoko thata,0
Batho ba bosula polotiki,0
setšhaba e teng,1
boeteledipele o dira rata,2
batho e kgotso thata,2
Batho ba kagiso boitekanelo,2
ikonomi e boammaaruri thata,2
ditshwanelo o dira kgatelelo,0
Ke rata ditshwanelo,2
batho o kae,1
thuto e teng,1
Ke tlhokafalo batho,0
Batho ba lapile batho,0
Ke rata dikgethololo,2
Ke tshiamo ditshwanelo,2
tshiamelo o dira kgalefo,0
Re itse polotiki,1
Re monate ka palamente,2
Re itse setšhaba,1
lekgotla o dira bosula,0
Ke dikgwetlho molao,0
ditshwanelo e botlhoko thata,0
Ke rata ikonomi,2
tonakgolo o dira maswe,0
Batho ba thabo thuto,2
boitekanelo o kae,1
Re siame ka tonakgolo,2
Batho ba dikgwetlho puso,0
Ke bona boitekanelo,1
Ke bona dikgethololo,1
lekgotla o dira kgatelelo,0
kgethololo o dira mathata,0
lekgotla e boitumelo thata,2
Ke bona dikgethololo,1
Ke kgatelelo puso,0
boeteledipele o dira kagiso,2
Ke mathata mmuso,0
Batho ba bua ka thulaganyo,1
tshiamelo o dira kgotla,2
ditshwanelo o dira kgotla,2
Re tlhong ka puso,0
puso e teng,1
Ke kgotla batho,2
mmuso e teng,1
Re itse dikgethololo,1
modulasetilo o kae,1
Batho ba tlhokafalo kgethololo,0
modulasetilo o dira rata,2
mmuso o dira botoka,2
Ke bona setšhaba,1
Batho ba kutlwelobotlhoko thuto,2
ditshwanelo e boitumelo thata,2
Ke kutlwelobotlhoko modulasetilo,0
Ke boferefere ikonomi,0
Batho ba thabo lekgotla,2
tshiamelo e teng,1
kgethololo o kae,1
modulasetilo e hutsafala thata,0
thulaganyo o kae,1
polotiki e teng,1
Batho ba tlhong batho,0
Ke tshiamo ditshwanelo,2
puso o dira tshiamo,2
mmuso e teng,1
kgethololo o kae,1
mmuso e teng,1
ikonomi e tshiamo thata,2
Batho ba pabalesego palamente,2
Batho ba hutsafala lekgotla,0
Re itse molao,1
ikonomi o dira lapile,0
lekgotla o dira lapile,0
mmuso e teng,1
Batho ba bua ka ditshwanelo,1
Batho ba bua ka dikgethololo,1
Batho ba bua ka kgethololo,1
Re kutlwelobotlhoko ka palamente,2
tonakgolo e tlhokafalo thata,0
Batho ba kgotso boeteledipele,2
Re itse puso,1
Batho ba monate tshiamelo,2
tokololo e teng,1
ditshwanelo o dira kgalefo,0
Re boikepo ka molao,0
Re thabo ka molao,2
Batho ba itumelela puso,2
molao o dira botlhoko,0
Re hutsafala ka polotiki,0
thuto o dira kagiso,2
Re itse ikonomi,1
lekgotla e kagiso thata,2
Batho ba boitumelo modulasetilo,2
modulasetilo e tlhong thata,0
ikonomi e kagiso thata,2
Re tshiamo ka molao,2
thuto o dira tlhong,0
palamente o dira botoka,2
palamente e kgotso thata,2
Re kgatelelo ka boeteledipele,0
kgethololo e boferefere thata,0
Ke bona lekgotla,1
lekgotla e molemo thata,2
Ke kgatelelo setšhaba,0
Ke kutlwelobotlhoko ikonomi,2
molao e teng,1
Ke siame molao,2
dikgethololo o dira itumelela,2
Ke pabalesego setšhaba,2
Ke boammaaruri ikonomi,2
Re bosula ka ditshwanelo,0
tshiamelo o dira boferefere,0
dikgethololo e tlhokafalo thata,0
Re itse molao,1
Ke hutsafala lekgotla,0
palamente e rata thata,2
Ke bona tshiamelo,1
boitekanelo o dira tlhokafalo,0
Batho ba mathata boitekanelo,0
setšhaba o kae,1
Ke bona tshiamelo,1
Re siame ka setšhaba,2
boitekanelo e botoka thata,2
Ke bogale tshiamelo,0
polotiki e teng,1
Ke bona kgethololo,1
Batho ba mathata setšhaba,0
Ke lapile tokololo,0
Re thabo ka thuto,2
dikgethololo e botoka thata,2
Batho ba boitumelo thulaganyo,2
Batho ba bogale palamente,0
Re tlhokafalo ka thulaganyo,0
Ke kutlwelobotlhoko tokololo,2
Ke sentle thulaganyo,2
tokololo o dira thabo,2
boitekanelo e teng,1
Ke rata modulasetilo,2
mmuso o dira siame,2
Re kutlwelobotlhoko ka lekgotla,0
ditshwanelo o dira monate,2
Ke bona batho,1
lekgotla e boammaaruri thata,2
Batho ba bua ka batho,1
Re kagiso ka boitekanelo,2
Re itse setšhaba,1
thuto e bogale thata,0
mmuso o kae,1
tokololo o dira botlhoko,0
Re pabalesego ka molao,2
Batho ba monate boeteledipele,2
Re itse ditshwanelo,1
Re itse tonakgolo,1
boitekanelo o dira kgotso,2
Re tshiamo ka dikgethololo,2
Re tshiamo ka dikgethololo,2
Re bogale ka setšhaba,0
polotiki o dira tlhong,0
Batho ba tshiamo boitekanelo,2
Re tshiamo ka palamente,2
Re siame ka boeteledipele,2
Ke bona palamente,1
Batho ba kgalefo molao,0
palamente o dira tlhong,0
Ke dikgwetlho setšhaba,0
batho o dira kgalefo,0
Re itse ikonomi,1
Re bogale ka boitekanelo,0
thulaganyo e teng,1
mmuso e tlhokafalo thata,0
batho o kae,1
Re itse puso,1
Re tlhokafalo ka batho,0
Ke bona boitekanelo,1
setšhaba e teng,1
Batho ba rata lekgotla,2
Re itse puso,1
Ke bona ikonomi,1
tshiamelo e boitumelo thata,2
Ke pabalesego ikonomi,2
Re itse kgethololo,1
Batho ba bua ka thulaganyo,1
boeteledipele o kae,1
Batho ba bua ka palamente,1
mmuso o kae,1
Ke bona thuto,1
Ke boammaaruri tonakgolo,2
Ke bosula dikgethololo,0
modulasetilo o dira botoka,2
Re kutlwelobotlhoko ka polotiki,0
Batho ba boikepo kgethololo,0
polotiki e teng,1
thulaganyo e maswe thata,0
Re botoka ka molao,2
tonakgolo o dira sentle,2
ditshwanelo e thabo thata,2
tshiamelo o kae,1
boeteledipele o kae,1
Re botlhoko ka boeteledipele,0
Batho ba bua ka thulaganyo,1
mmuso o kae,1
Batho ba maswe boeteledipele,0
Batho ba bua ka tonakgolo,1
ikonomi e monate thata,2
Ke kutlwelobotlhoko ikonomi,2
kgethololo e boitumelo thata,2
boitekanelo e teng,1
Batho ba bua ka palamente,1
Batho ba mathata tshiamelo,0
ditshwanelo o dira kutlwelobotlhoko,2
Re itse molao,1
Re itse palamente,1
Batho ba molemo boeteledipele,2
Ke bona thuto,1
Re monate ka tokololo,2
Batho ba bua ka palamente,1
batho o dira rata,2
Re itse lekgotla,1
Batho ba bua ka modulasetilo,1
mmuso e kgalefo thata,0
Batho ba bua ka setšhaba,1
tonakgolo e boammaaruri thata,2
Re itse kgethololo,1
thuto o kae,1
thuto e teng,1
polotiki e teng,1
boitekanelo o kae,1
Re kutlwelobotlhoko ka molao,2
Ke bosula thuto,0
Re tlhokafalo ka tshiamelo,0
Batho ba bua ka boitekanelo,1
Ke tlhong lekgotla,0
Re itse modulasetilo,1
Ke bona palamente,1
tokololo o dira tlhokafalo,0
Ke dikgwetlho mmuso,0
ditshwanelo e bogale thata,0
polotiki e teng,1
kgethololo e kgotla thata,2
ikonomi o dira botoka,2
Re itse dikgethololo,1
puso o dira thabo,2
Ke rata ikonomi,2
puso e teng,1
thuto e maswe thata,0
lekgotla e monate thata,2
dikgethololo o dira sentle,2
thuto o dira kutlwelobotlhoko,2
Ke bona boeteledipele,1
Batho ba kgatelelo thuto,0
Batho ba bogale batho,0
Ke dikgwetlho polotiki,0
kgethololo e dikgwetlho thata,0
Ke bona polotiki,1
Re maswe ka tonakgolo,0
Batho ba mathata ditshwanelo,0
Batho ba bua ka dikgethololo,1
Ke kgotso kgethololo,2
Ke bona kgethololo,1
tonakgolo e tshiamo thata,2
thuto e teng,1
setšhaba e teng,1
polotiki e siame thata,2
modulasetilo o kae,1
Batho ba bua ka puso,1
Batho ba mathata dikgethololo,0
Re bogale ka palamente,0
thulaganyo e teng,1
Re itumelela ka thuto,2
modulasetilo e lapile thata,0
Re bosula ka setšhaba,0
boitekanelo e tshiamo thata,2
Ke bona boeteledipele,1
polotiki o dira boammaaruri,2
Ke bona kgethololo,1
Batho ba bogale lekgotla,0
ikonomi e boitumelo thata,2
polotiki o dira sentle,2
Ke sentle mmuso,2
Re tshiamo ka puso,2
Batho ba bua ka boeteledipele,1
Batho ba kagiso tonakgolo,2
Batho ba kutlwelobotlhoko thulaganyo,0
batho e tlhaelo thata,0
Ke mathata kgethololo,0
Ke pabalesego tonakgolo,2
boitekanelo o dira dikgwetlho,0
Ke lapile boitekanelo,0
Re itse palamente,1
Batho ba thabo boeteledipele,2
tonakgolo o dira boikepo,0
Batho ba dikgwetlho modulasetilo,0
Re itse mmuso,1
Batho ba bua ka tshiamelo,1
Re boferefere ka palamente,0
Ke pabalesego tokololo,2
Re bosula ka tonakgolo,0
tokololo o kae,1
kgethololo o kae,1
molao e botoka thata,2
Batho ba maswe modulasetilo,0
Re boitumelo ka mmuso,2
thulaganyo o dira siame,2
mmuso e teng,1
Re kutlwelobotlhoko ka tshiamelo,2
mmuso e tshiamo thata,2
Re boikepo ka tonakgolo,0
puso o kae,1
ditshwanelo e boferefere thata,0
Re rata ka kgethololo,2
Ke bona batho,1
palamente o dira thabo,2
puso o dira tlhaelo,0
Ke bona tokololo,1
Batho ba bua ka modulasetilo,1
setšhaba o kae,1
Batho ba bua ka boitekanelo,1
batho e kutlwelobotlhoko thata,0
Ke bona ikonomi,1
Batho ba bua ka ditshwanelo,1
Ke boammaaruri lekgotla,2
Batho ba bua ka mmuso,1
Batho ba boitumelo ditshwanelo,2
Ke mathata mmuso,0
Batho ba bua ka polotiki,1
Batho ba molemo batho,2
kgethololo o dira pabalesego,2
Ke tlhaelo modulasetilo,0
batho o dira tshiamo,2
Batho ba tlhong setšhaba,0
Ke tlhokafalo dikgethololo,0
Batho ba bua ka dikgethololo,1
Re itse boitekanelo,1
palamente e hutsafala thata,0
Ke thabo batho,2
ditshwanelo e kgotla thata,2
Batho ba kutlwelobotlhoko thulaganyo,2
Ke bona palamente,1
Re monate ka modulasetilo,2
Re itse thuto,1
Batho ba maswe dikgethololo,0
lekgotla e teng,1
ditshwanelo o dira bosula,0
ikonomi o dira monate,2
Batho ba boferefere tshiamelo,0
Re dikgwetlho ka lekgotla,0
Re siame ka ikonomi,2
polotiki e molemo thata,2
Ke bona boitekanelo,1
dikgethololo e hutsafala thata,0
Batho ba boikepo modulasetilo,0
Batho ba boikepo tonakgolo,0
polotiki o dira kutlwelobotlhoko,2
Re botlhoko ka dikgethololo,0
tokololo e monate thata,2
boeteledipele e dikgwetlho thata,0
puso e teng,1
Re dikgwetlho ka palamente,0
Re botlhoko ka ikonomi,0
Ke botlhoko ikonomi,0
Batho ba bua ka mmuso,1
Re kgalefo ka thulaganyo,0
ikonomi e teng,1
tokololo e molemo thata,2
kgethololo e teng,1
thuto e teng,1
Ke thabo boitekanelo,2
Batho ba hutsafala tonakgolo,0
Batho ba botoka thulaganyo,2
batho e tlhong thata,0
Batho ba bua ka palamente,1
Batho ba siame dikgethololo,2
Re molemo ka palamente,2
Re itse boeteledipele,1
Ke tlhokafalo kgethololo,0
modulasetilo e kgatelelo thata,0
Batho ba bua ka ditshwanelo,1
Batho ba bua ka batho,1
dikgethololo o dira tshiamo,2
Batho ba dikgwetlho puso,0
thulaganyo e teng,1
Ke sentle tokololo,2
Ke bona tonakgolo,1
Re itse ikonomi,1
Batho ba bua ka tshiamelo,1
Re dikgwetlho ka thuto,0
Ke boikepo ditshwanelo,0
ditshwanelo e kutlwelobotlhoko thata,2
Batho ba bua ka thulaganyo,1
ditshwanelo e boitumelo thata,2
Batho ba tlhong setšhaba,0
Ke lapile modulasetilo,0
thuto o dira siame,2
Batho ba dikgwetlho kgethololo,0
setšhaba o kae,1
Re tlhokafalo ka thulaganyo,0
molao e kutlwelobotlhoko thata,2
Ke itumelela thuto,2
Ke kutlwelobotlhoko ditshwanelo,2
Batho ba mathata boeteledipele,0
palamente o dira bogale,0
tonakgolo e teng,1
dikgethololo o dira itumelela,2
boeteledipele o dira tlhaelo,0
Batho ba bua ka dikgethololo,1
Re itse boeteledipele,1
ikonomi e maswe thata,0
thulaganyo o dira sentle,2
boitekanelo o kae,1
tokololo e teng,1
molao o dira boitumelo,2
Batho ba boferefere tshiamelo,0
Re itse dikgethololo,1
thulaganyo o kae,1
ditshwanelo e thabo thata,2
Batho ba boferefere ditshwanelo,0
Re itse polotiki,1
Batho ba bua ka tokololo,1
Ke kgatelelo kgethololo,0
ditshwanelo e lapile thata,0
Re itse tshiamelo,1
Batho ba kgotla boitekanelo,2
polotiki o dira tlhokafalo,0
ditshwanelo e teng,1
Batho ba bua ka molao,1
tshiamelo e siame thata,2
Ke bona dikgethololo,1
Batho ba bua ka mmuso,1
Ke bona ikonomi,1
polotiki o kae,1
Batho ba bua ka tokololo,1
Batho ba kagiso boeteledipele,2
Batho ba bua ka setšhaba,1
Re itumelela ka kgethololo,2
modulasetilo e teng,1
Batho ba molemo tonakgolo,2
Re kgotla ka molao,2
ditshwanelo e teng,1
Ke monate dikgethololo,2
boitekanelo o kae,1
palamente o kae,1
palamente e botlhoko thata,0
tonakgolo e teng,1
Ke dikgwetlho polotiki,0
thuto o dira boferefere,0
setšhaba o dira siame,2
Ke boferefere tokololo,0
dikgethololo o dira kutlwelobotlhoko,0
Re botlhoko ka ikonomi,0
polotiki e dikgwetlho thata,0
palamente o dira hutsafala,0
Ke kgotso molao,2
thulaganyo o kae,1
Ke botoka mmuso,2
Re bosula ka batho,0
Batho ba kgalefo boeteledipele,0
palamente o dira siame,2
Ke thabo mmuso,2
tonakgolo e itumelela thata,2
Batho ba bua ka thuto,1
Ke bona dikgethololo,1
tshiamelo e teng,1
Batho ba pabalesego tonakgolo,2
Batho ba boammaaruri lekgotla,2
Ke bona modulasetilo,1
Ke kutlwelobotlhoko tokololo,2
Re tlhokafalo ka setšhaba,0
dikgethololo o dira tlhokafalo,0
Ke bona palamente,1
Ke molemo thulaganyo,2
polotiki o kae,1
Re itse molao,1
tonakgolo e boikepo thata,0
ditshwanelo e teng,1
Ke kgotla boitekanelo,2
lekgotla e teng,1
Batho ba kgotso molao,2
Re botlhoko ka thulaganyo,0
Re thabo ka puso,2
Re itse thulaganyo,1
Re itumelela ka ditshwanelo,2
modulasetilo o dira kgatelelo,0
ditshwanelo e thabo thata,2
Re itse thulaganyo,1
boitekanelo e kgotla thata,2
Re itse molao,1
Batho ba bua ka polotiki,1
Ke bona dikgethololo,1
Ke lapile batho,0
setšhaba e teng,1
Re itse boeteledipele,1
Ke thabo setšhaba,2
Re rata ka setšhaba,2
polotiki e teng,1
Batho ba tlhokafalo setšhaba,0
Re tshiamo ka modulasetilo,2
setšhaba o dira tshiamo,2
Ke bona tshiamelo,1
dikgethololo o dira molemo,2
Ke bona tshiamelo,1
Re itse ikonomi,1
Ke bona thulaganyo,1
Re itse ikonomi,1
thulaganyo e boammaaruri thata,2
Ke sentle tshiamelo,2
puso o kae,1
Batho ba botlhoko batho,0
Ke kgalefo ditshwanelo,0
Re maswe ka palamente,0
palamente e teng,1
tshiamelo e kgatelelo thata,0
Re pabalesego ka thuto,2
batho o kae,1
Batho ba pabalesego thulaganyo,2
batho o dira thabo,2
Batho ba bua ka batho,1
Batho ba bua ka kgethololo,1
setšhaba e maswe thata,0
Batho ba bua ka ditshwanelo,1
Ke sentle thuto,2
Re itse boeteledipele,1
molao e kutlwelobotlhoko thata,0
tokololo e teng,1
tshiamelo e pabalesego thata,2
Ke thabo palamente,2
boeteledipele e rata thata,2
modulasetilo e botlhoko thata,0
setšhaba o kae,1
Re itse polotiki,1
Ke kgotla kgethololo,2
boeteledipele e teng,1
batho e kutlwelobotlhoko thata,2
palamente o kae,1
puso o dira kagiso,2
Re bosula ka kgethololo,0
Batho ba pabalesego palamente,2
Ke bona dikgethololo,1
Re tlhaelo ka puso,0
Re sentle ka molao,2
lekgotla e teng,1
Re itse thuto,1
Ke itumelela lekgotla,2
tokololo o dira bogale,0
modulasetilo o kae,1
boitekanelo e kutlwelobotlhoko thata,2
Batho ba bua ka thulaganyo,1
Batho ba bogale batho,0
tokololo e siame thata,2
Batho ba monate thuto,2
Ke kutlwelobotlhoko boitekanelo,2
Batho ba bua ka batho,1
Ke bona setšhaba,1
Re itse mmuso,1
molao e kutlwelobotlhoko thata,0
puso o dira dikgwetlho,0
lekgotla e teng,1
Re itse tokololo,1
Ke botoka thulaganyo,2
Ke rata molao,2
Ke siame dikgethololo,2
Re siame ka modulasetilo,2
Re monate ka tshiamelo,2
modulasetilo o dira hutsafala,0
Ke sentle thuto,2
palamente e teng,1
mmuso o dira botlhoko,0
molao e maswe thata,0
tshiamelo o kae,1
Batho ba bua ka setšhaba,1
Ke bogale boeteledipele,0
dikgethololo e kutlwelobotlhoko thata,2
modulasetilo e tlhaelo thata,0
Ke kgotla polotiki,2
Re sentle ka dikgethololo,2
kgethololo e lapile thata,0
Ke bona tokololo,1
Ke monate batho,2
tshiamelo o kae,1
boeteledipele e teng,1
dikgethololo e teng,1
Re maswe ka polotiki,0
Re kagiso ka tshiamelo,2
Ke bona polotiki,1
ditshwanelo e teng,1
Batho ba molemo dikgethololo,2
Ke bogale molao,0
Batho ba botoka boitekanelo,2
Ke boitumelo ikonomi,2
thuto e tshiamo thata,2
lekgotla e tlhong thata,0
Batho ba sentle tokololo,2
kgethololo o dira boitumelo,2
Ke boammaaruri setšhaba,2
tokololo o kae,1
thulaganyo o kae,1
tokololo e teng,1
Re tlhong ka ditshwanelo,0
molao e dikgwetlho thata,0
molao e tshiamo thata,2
Ke bona kgethololo,1
Batho ba boikepo dikgethololo,0
Re itse kgethololo,1
modulasetilo o dira tshiamo,2
boeteledipele o dira kutlwelobotlhoko,0
thuto o kae,1
molao o dira molemo,2
dikgethololo e teng,1
Ke tshiamo batho,2
Batho ba bua ka thuto,1
Re maswe ka mmuso,0
Re monate ka ditshwanelo,2
thuto e bogale thata,0
polotiki e kutlwelobotlhoko thata,2
mmuso o dira sentle,2
Ke maswe thulaganyo,0
Batho ba monate batho,2
Ke bona molao,1
Batho ba bua ka ikonomi,1
thuto o dira boikepo,0
puso e thabo thata,2
Batho ba kgatelelo tshiamelo,0
palamente o kae,1
dikgethololo e teng,1
Batho ba bua ka thuto,1
polotiki e kgalefo thata,0
tonakgolo o dira boferefere,0
Batho ba botlhoko thulaganyo,0
Ke bona kgethololo,1
ikonomi o dira kgalefo,0
tonakgolo e teng,1
Re itse dikgethololo,1
Ke tlhong mmuso,0
Batho ba monate palamente,2
tokololo e teng,1
mmuso o dira lapile,0
tokololo e teng,1
Ke rata tshiamelo,2
Ke tlhaelo dikgethololo,0
Re itse ikonomi,1
ikonomi o kae,1
Re maswe ka mmuso,0
Re itse ikonomi,1
Batho ba bua ka dikgethololo,1
Re mathata ka modulasetilo,0
kgethololo o dira kgotla,2
Re itse puso,1
Ke kgalefo ditshwanelo,0
Re itse thuto,1
Batho ba monate tshiamelo,2
tshiamelo e kgalefo thata,0
Re itse batho,1
Batho ba rata dikgethololo,2
Ke bona tshiamelo,1
tokololo o dira molemo,2
tokololo e monate thata,2
puso e pabalesego thata,2
Batho ba bua ka boitekanelo,1
Batho ba hutsafala tshiamelo,0
Ke bosula thuto,0
Ke bona ikonomi,1
boeteledipele e kgotso thata,2
Batho ba tlhaelo tshiamelo,0
Re itse tshiamelo,1
tonakgolo o dira thabo,2
Re molemo ka batho,2
lekgotla o dira itumelela,2
Batho ba boferefere polotiki,0
Batho ba kgotso kgethololo,2
Ke bogale lekgotla,0
Re thabo ka palamente,2
Ke bogale lekgotla,0
tshiamelo e teng,1
molao o dira lapile,0
Batho ba lapile thuto,0
Ke kutlwelobotlhoko thulaganyo,0
Re kutlwelobotlhoko ka batho,0
Ke bona molao,1
tokololo e tlhaelo thata,0
dikgethololo o dira boferefere,0
Re itse ditshwanelo,1
Re hutsafala ka palamente,0
Batho ba siame boeteledipele,2
Re botlhoko ka ikonomi,0
molao e monate thata,2
puso o dira kgotso,2
mmuso o dira sentle,2
lekgotla o kae,1
Batho ba kgotso lekgotla,2
Ke bona setšhaba,1
thuto o kae,1
thulaganyo e boammaaruri thata,2
boitekanelo o dira boferefere,0
Batho ba thabo puso,2
lekgotla o dira boammaaruri,2
ditshwanelo o kae,1
Ke bona mmuso,1
batho e siame thata,2
molao o dira dikgwetlho,0
puso e tshiamo thata,2
dikgethololo o dira boferefere,0
puso e kgotso thata,2
dikgethololo e kgotla thata,2
Batho ba kgatelelo setšhaba,0
setšhaba e tshiamo thata,2
modulasetilo e teng,1
Batho ba bua ka ditshwanelo,1
Re itumelela ka tokololo,2
tonakgolo e mathata thata,0
Re monate ka boeteledipele,2
Ke bona tokololo,1
Re itse boeteledipele,1
batho o dira tshiamo,2
Ke bona boeteledipele,1
Ke bona setšhaba,1
Ke kgalefo lekgotla,0
Re itse mmuso,1
Batho ba kgotso polotiki,2
Ke boammaaruri modulasetilo,2
palamente o dira thabo,2
setšhaba o dira boferefere,0
Ke bona tshiamelo,1
Re kgatelelo ka ditshwanelo,0
Batho ba bua ka setšhaba,1
palamente o dira kgalefo,0
Re dikgwetlho ka tokololo,0
Ke sentle thulaganyo,2
Ke bona polotiki,1
Re hutsafala ka modulasetilo,0
dikgethololo e teng,1
Re thabo ka ditshwanelo,2
Ke tshiamo mmuso,2
Ke bona lekgotla,1
modulasetilo o kae,1
Re kgatelelo ka modulasetilo,0
Re bosula ka tonakgolo,0
lekgotla e kagiso thata,2
Batho ba boammaaruri boitekanelo,2
Ke bona molao,1
mmuso o dira pabalesego,2
palamente o dira tlhaelo,0
Batho ba bogale kgethololo,0
Re thabo ka ditshwanelo,2
setšhaba e teng,1
Batho ba tlhong boeteledipele,0
puso o kae,1
Ke boikepo tokololo,0
setšhaba e teng,1
Batho ba rata boeteledipele,2
ikonomi o dira boferefere,0
Batho ba bua ka modulasetilo,1
boeteledipele e teng,1
Batho ba monate batho,2
Re itse lekgotla,1
dikgethololo e kgatelelo thata,0
Batho ba kgatelelo tshiamelo,0
boitekanelo e teng,1
Re itse palamente,1
Ke itumelela palamente,2
Ke bona polotiki,1
Ke sentle boeteledipele,2
Batho ba bua ka palamente,1
ditshwanelo e kutlwelobotlhoko thata,0
Ke boammaaruri modulasetilo,2
ditshwanelo o kae,1
polotiki e teng,1
Ke bona boitekanelo,1
Batho ba boikepo tokololo,0
polotiki e teng,1
Ke tlhong ikonomi,0
Ke tlhaelo polotiki,0
molao e monate thata,2
Ke bona tshiamelo,1
Re pabalesego ka boitekanelo,2
Ke kgotla tshiamelo,2
lekgotla e rata thata,2
Re botlhoko ka boeteledipele,0
tshiamelo o dira maswe,0
Re boitumelo ka mmuso,2
Ke thabo thulaganyo,2
puso e boammaaruri thata,2
Ke tlhaelo molao,0
Batho ba bua ka setšhaba,1
palamente e rata thata,2
Ke bona modulasetilo,1
Ke kutlwelobotlhoko tonakgolo,2
molao e botoka thata,2
ditshwanelo e thabo thata,2
Batho ba botoka boitekanelo,2
ditshwanelo o kae,1
Re kgotso ka thuto,2
Re monate ka tshiamelo,2
Re botoka ka molao,2
thulaganyo e teng,1
Ke bona ditshwanelo,1
Ke bona lekgotla,1
molao o kae,1
Batho ba kgalefo ikonomi,0
mmuso e boammaaruri thata,2
Ke monate boitekanelo,2
Ke bona mmuso,1
Re boitumelo ka palamente,2
mmuso o kae,1
Re boikepo ka thulaganyo,0
tokololo e hutsafala thata,0
thulaganyo e hutsafala thata,0
Batho ba tlhokafalo kgethololo,0
molao o dira botoka,2
kgethololo e boammaaruri thata,2
ikonomi o kae,1
Re kgatelelo ka thulaganyo,0
Re rata ka ikonomi,2
Re maswe ka setšhaba,0
tshiamelo o kae,1
batho o kae,1
mmuso e kgotla thata,2
Ke bogale setšhaba,0
thulaganyo o kae,1
kgethololo e tshiamo thata,2
Ke sentle modulasetilo,2
mmuso o dira boammaaruri,2
Batho ba botoka dikgethololo,2
Ke kgotla kgethololo,2
kgethololo e kgotso thata,2
boitekanelo e teng,1
Ke boitumelo polotiki,2
dikgethololo o dira kutlwelobotlhoko,2
Batho ba bua ka puso,1
Ke bona molao,1
Ke tlhong tonakgolo,0
thuto o kae,1
Ke dikgwetlho tshiamelo,0
dikgethololo e teng,1
Batho ba bua ka boitekanelo,1
ikonomi o dira kagiso,2
dikgethololo o dira kutlwelobotlhoko,0
mmuso e sentle thata,2
lekgotla e teng,1
Ke hutsafala tshiamelo,0
dikgethololo o dira bosula,0
Re boikepo ka boeteledipele,0
Re itse kgethololo,1
molao e teng,1
Re rata ka tokololo,2
Ke tlhaelo boitekanelo,0
puso o dira boferefere,0
mmuso e kutlwelobotlhoko thata,0
mmuso o dira bogale,0
Ke botlhoko batho,0
polotiki o dira pabalesego,2
Re itse boitekanelo,1
palamente e boferefere thata,0
batho o dira boferefere,0
polotiki o dira thabo,2
polotiki e tlhokafalo thata,0
Batho ba botlhoko mmuso,0
Batho ba rata boitekanelo,2
Ke siame thulaganyo,2
dikgethololo o dira kagiso,2
thuto o dira lapile,0
Ke lapile ditshwanelo,0
Re bogale ka puso,0
Re itse tonakgolo,1
Ke kgotso lekgotla,2
Ke lapile modulasetilo,0
lekgotla o dira tlhaelo,0
ikonomi e molemo thata,2
Ke kagiso boeteledipele,2
boitekanelo e mathata thata,0
Re sentle ka tonakgolo,2
Ke bona ditshwanelo,1
Ke bona puso,1
batho o dira bogale,0
Ke kagiso lekgotla,2
Ke bona tokololo,1
Re itse mmuso,1
Ke tlhokafalo kgethololo,0
modulasetilo e tlhaelo thata,0
molao o kae,1
Batho ba sentle thulaganyo,2
tshiamelo e maswe thata,0
lekgotla o dira kgalefo,0
polotiki o kae,1
mmuso e teng,1
Re dikgwetlho ka thuto,0
setšhaba o kae,1
thuto e itumelela thata,2
Batho ba boferefere ditshwanelo,0
Re itse palamente,1
Batho ba bua ka molao,1
Ke bona kgethololo,1
tshiamelo o kae,1
Re molemo ka palamente,2
tonakgolo o dira boikepo,0
polotiki o dira tshiamo,2
Ke bona thulaganyo,1
Re kutlwelobotlhoko ka batho,2
Ke bona thuto,1
Ke bona palamente,1
Ke bona dikgethololo,1
Re itse lekgotla,1
setšhaba o dira kgotso,2
molao o kae,1
Ke kgotla tshiamelo,2
Re sentle ka boeteledipele,2
Ke bona tonakgolo,1
Batho ba bosula batho,0
Ke kutlwelobotlhoko setšhaba,0
boeteledipele e boammaaruri thata,2
Batho ba boitumelo tshiamelo,2
Re rata ka setšhaba,2
Batho ba bua ka tokololo,1
Batho ba bua ka palamente,1
Batho ba bua ka boitekanelo,1
Batho ba bua ka polotiki,1
Ke tshiamo tshiamelo,2
tshiamelo e teng,1
Re boikepo ka tonakgolo,0
molao o dira boferefere,0
Batho ba bua ka palamente,1
Batho ba bua ka boeteledipele,1
Ke bona ikonomi,1
Batho ba boikepo palamente,0
Ke boikepo modulasetilo,0
Batho ba bua ka thuto,1
Batho ba bua ka kgethololo,1
Ke botlhoko tshiamelo,0
Ke bona boitekanelo,1
Batho ba molemo tshiamelo,2
Ke hutsafala lekgotla,0
dikgethololo o kae,1
Ke botlhoko boeteledipele,0
Re lapile ka modulasetilo,0
lekgotla e monate thata,2
ditshwanelo e teng,1
boitekanelo e lapile thata,0
Batho ba bua ka tokololo,1
Ke kgotso boitekanelo,2
Ke bona boeteledipele,1
Batho ba bua ka tokololo,1
Ke bona ditshwanelo,1
Ke tshiamo polotiki,2
Ke kgotla boitekanelo,2
Batho ba dikgwetlho batho,0
tonakgolo o kae,1
kgethololo e kgatelelo thata,0
Ke bogale ikonomi,0
Ke bona tokololo,1
Batho ba boammaaruri boeteledipele,2
Batho ba bua ka palamente,1
Re kgotla ka molao,2
boitekanelo e kagiso thata,2
tshiamelo e teng,1
boitekanelo o dira dikgwetlho,0
tonakgolo e botlhoko thata,0
Ke botlhoko ikonomi,0
mmuso e teng,1
Batho ba kgotso thuto,2
Re boammaaruri ka palamente,2
Re boitumelo ka polotiki,2
Re itse tonakgolo,1
Ke bona modulasetilo,1
Ke boitumelo puso,2
modulasetilo e rata thata,2
tonakgolo e teng,1
setšhaba e tlhokafalo thata,0
Batho ba kutlwelobotlhoko ditshwanelo,2
Batho ba bua ka molao,1
lekgotla e kagiso thata,2
Masisi o dira tiro e molemo mo pusong,2
BDP e tsweletse ka thulaganyo e e siameng,2
Palamente e dirile ditshwetso tse di siameng,2
Batswana ba itumelela kgolo ya ikonomi,2
Mmuso o thusa batho ka mananeo a thuto,2
Kgotso e teng mo Botswana,2
The government is doing excellent work for development,2
I love how Botswana maintains peace and stability,2
BDP's policies are really helping the economy grow,2
Masisi's leadership brings hope to batho,2
Parliament passed good laws for ditshwanelo,2
Mmuso o paletswe ke go rarabolola mathata,0
Boferefere bo ntse bo le teng mo pusong,0
Batho ba hutsafetse ka maemo a ikonomi,0
Dikgwetlho tsa tlhokafalo di oketsegile,0
Palamente ga e dire sepe go thusa setšhaba,0
The government has failed batho badly,0
Corruption is destroying our beautiful country,0
I'm disappointed with the current leadership,0
BDP policies are causing more mathata for people,0
"Politicians only care about themselves, not batho",0
Palamente e kopane gompieno go sekaseka molao,1
Masisi o ne a bua ka thulaganyo ya naga,1
BDP le UDC ba tla kopana mo kgotleng,1
Batswana ba tla tlhopha mo dikgetholong,1
Mmuso o tla itsise ka tshwetso ya bone,1
Parliament will discuss the new budget today,1
The election date has been announced,1
Political parties are preparing for campaigns,1
Citizens will vote for their preferred candidates,1
Government officials met with traditional leaders,1
dikgethololo e botlhoko thata,0
molao o kae,1
Batho ba bua ka polotiki,1
Ke tlhong boitekanelo,0
Ke hutsafala ikonomi,0
Ke kutlwelobotlhoko tshiamelo,2
setšhaba e monate thata,2
Re itse boitekanelo,1
polotiki o dira tshiamo,2
thulaganyo e teng,1
Ke bona boeteledipele,1
ikonomi e teng,1
Batho ba kgalefo boitekanelo,0
Re boferefere ka boitekanelo,0
Re itse thulaganyo,1
Ke botlhoko modulasetilo,0
Re hutsafala ka ditshwanelo,0
Ke kgotso modulasetilo,2
molao e teng,1
Re itse thulaganyo,1
setšhaba e kgotso thata,2
tshiamelo e teng,1
polotiki e pabalesego thata,2
Batho ba bua ka molao,1
Ke bogale puso,0
palamente o dira sentle,2
Re lapile ka ikonomi,0
Batho ba bua ka ditshwanelo,1
Batho ba sentle boitekanelo,2
Re thabo ka thuto,2
thuto e tshiamo thata,2
Ke bona batho,1
Batho ba boikepo thuto,0
Batho ba kutlwelobotlhoko thuto,0
tokololo e teng,1
modulasetilo o dira botoka,2
Batho ba bua ka tshiamelo,1
Re mathata ka modulasetilo,0
Re boferefere ka mmuso,0
Batho ba boitumelo thuto,2
Ke molemo modulasetilo,2
Ke thabo tshiamelo,2
molao o kae,1
boitekanelo o dira kgotla,2
Re lapile ka kgethololo,0
polotiki e kutlwelobotlhoko thata,0
palamente e teng,1
dikgethololo e maswe thata,0
Ke bogale dikgethololo,0
Batho ba bua ka ikonomi,1
Batho ba siame polotiki,2
Ke bosula ditshwanelo,0
Batho ba maswe tokololo,0
Ke maswe thuto,0
Ke kgatelelo polotiki,0
Re itse mmuso,1
ditshwanelo o dira kagiso,2
Re lapile ka puso,0
Ke bona polotiki,1
puso e kgalefo thata,0
Ke kgotla setšhaba,2
Re bosula ka tshiamelo,0
Batho ba bua ka kgethololo,1
Ke bogale ikonomi,0
Batho ba bua ka thuto,1
Batho ba bua ka palamente,1
Batho ba bua ka ditshwanelo,1
modulasetilo o kae,1
palamente o kae,1
kgethololo o dira thabo,2
molao o dira kutlwelobotlhoko,2
ditshwanelo e tlhong thata,0
Batho ba bosula kgethololo,0
Ke kgotso molao,2
tonakgolo e maswe thata,0
Ke kutlwelobotlhoko thuto,0
Ke tshiamo tokololo,2
boeteledipele e thabo thata,2
Ke kutlwelobotlhoko ikonomi,0
Re itse thulaganyo,1
Ke bona puso,1
Re kutlwelobotlhoko ka ikonomi,2
Batho ba hutsafala thuto,0
ditshwanelo o dira monate,2
Re itse kgethololo,1
boitekanelo o dira dikgwetlho,0
batho e tlhaelo thata,0
Batho ba bogale ikonomi,0
Re tlhokafalo ka palamente,0
Batho ba bua ka lekgotla,1
Re itse tonakgolo,1
Batho ba kgotla ditshwanelo,2
Ke bona tokololo,1
modulasetilo o kae,1
lekgotla o dira kutlwelobotlhoko,0
Batho ba monate tokololo,2
thuto o dira kgatelelo,0
Re maswe ka tokololo,0
Re itse thuto,1
puso e teng,1
molao o dira maswe,0
Ke bona modulasetilo,1
boitekanelo e lapile thata,0
setšhaba e teng,1
Re kutlwelobotlhoko ka mmuso,2
Batho ba bosula lekgotla,0
Batho ba mathata thuto,0
ditshwanelo e teng,1
Re itse boeteledipele,1
puso o kae,1
Re itse puso,1
Re kutlwelobotlhoko ka tokololo,0
Re mathata ka tshiamelo,0
Batho ba bua ka ikonomi,1
Re botlhoko ka kgethololo,0
modulasetilo o dira kutlwelobotlhoko,0
Batho ba kutlwelobotlhoko palamente,2
setšhaba o dira kutlwelobotlhoko,2
Ke tshiamo thulaganyo,2
Batho ba siame ikonomi,2
tonakgolo e teng,1
Ke bona dikgethololo,1
setšhaba e teng,1
polotiki o kae,1
molao e boammaaruri thata,2
Re monate ka kgethololo,2
boitekanelo e dikgwetlho thata,0
Ke bona tokololo,1
molao o kae,1
Batho ba kutlwelobotlhoko thulaganyo,2
Ke siame dikgethololo,2
setšhaba e tlhokafalo thata,0
thulaganyo e teng,1
Re sentle ka kgethololo,2
molao o dira kgalefo,0
palamente e botlhoko thata,0
Re dikgwetlho ka mmuso,0
Ke boammaaruri puso,2
polotiki e pabalesego thata,2
Re itse kgethololo,1
Batho ba pabalesego mmuso,2
thuto o dira monate,2
Batho ba tlhokafalo palamente,0
Batho ba bogale polotiki,0
Re boferefere ka lekgotla,0
modulasetilo o kae,1
Batho ba pabalesego ikonomi,2
boeteledipele o kae,1
boeteledipele e teng,1
Batho ba boitumelo polotiki,2
Ke botoka tonakgolo,2
Re kgotso ka puso,2
Ke rata ditshwanelo,2
Ke pabalesego dikgethololo,2
lekgotla o dira bosula,0
Re pabalesego ka tokololo,2
dikgethololo e rata thata,2
Re itse ditshwanelo,1
ditshwanelo e sentle thata,2
Ke botlhoko lekgotla,0
palamente o kae,1
Ke bona molao,1
Ke bona thulaganyo,1
Ke monate palamente,2
Re dikgwetlho ka puso,0
Batho ba maswe thulaganyo,0
Re botlhoko ka ikonomi,0
lekgotla o dira bosula,0
Re boitumelo ka molao,2
Re kgatelelo ka ditshwanelo,0
Re mathata ka setšhaba,0
tonakgolo o dira molemo,2
thuto o kae,1
Re tlhong ka thulaganyo,0
thulaganyo o dira tlhong,0
ikonomi e teng,1
Re itse setšhaba,1
lekgotla e teng,1
tokololo e teng,1
Re kgatelelo ka tshiamelo,0
Ke boitumelo dikgethololo,2
Re boikepo ka boitekanelo,0
dikgethololo o dira tlhaelo,0
Re siame ka thulaganyo,2
Re itse boeteledipele,1
Batho ba botlhoko kgethololo,0
Ke lapile polotiki,0
Batho ba kgalefo puso,0
Re itumelela ka setšhaba,2
mmuso e teng,1
Re lapile ka boitekanelo,0
tokololo o dira dikgwetlho,0
tokololo o kae,1
tonakgolo e monate thata,2
Ke botlhoko molao,0
Ke bona molao,1
setšhaba e thabo thata,2
Ke bona tshiamelo,1
kgethololo e teng,1
Ke pabalesego puso,2
tonakgolo e rata thata,2
Re itse ikonomi,1
Re botlhoko ka molao,0
Re tshiamo ka batho,2
molao e boferefere thata,0
boeteledipele e rata thata,2
batho e kutlwelobotlhoko thata,2
kgethololo e teng,1
Batho ba pabalesego tokololo,2
Re itse boeteledipele,1
Batho ba bua ka setšhaba,1
Batho ba bua ka thulaganyo,1
thuto o dira sentle,2
Batho ba bua ka tokololo,1
lekgotla e teng,1
Ke boferefere thulaganyo,0
Ke dikgwetlho polotiki,0
boitekanelo o dira kutlwelobotlhoko,2
Batho ba bogale ikonomi,0
tokololo o dira thabo,2
Batho ba kutlwelobotlhoko polotiki,2
setšhaba e tlhokafalo thata,0
Re itse setšhaba,1
thulaganyo o kae,1
Re boferefere ka polotiki,0
Re kutlwelobotlhoko ka boitekanelo,2
Re itse polotiki,1
Batho ba pabalesego palamente,2
Re kutlwelobotlhoko ka boitekanelo,0
setšhaba e itumelela thata,2
polotiki e sentle thata,2
Ke bona batho,1
Batho ba bua ka setšhaba,1
palamente e botlhoko thata,0
Re monate ka molao,2
tokololo e teng,1
Re itse ikonomi,1
Batho ba kutlwelobotlhoko thulaganyo,0
tonakgolo o dira kgatelelo,0
tokololo o kae,1
mmuso o dira dikgwetlho,0
Ke pabalesego dikgethololo,2
Batho ba maswe palamente,0
palamente o kae,1
Batho ba kagiso mmuso,2
Re itse puso,1
Batho ba bua ka ikonomi,1
boitekanelo e bogale thata,0
Batho ba boferefere thuto,0
Re tlhong ka puso,0
Re tlhokafalo ka tokololo,0
Ke bona lekgotla,1
dikgethololo e boitumelo thata,2
molao o dira kgotso,2
Ke bona setšhaba,1
Ke kgalefo mmuso,0
Ke bona dikgethololo,1
palamente e bosula thata,0
polotiki e lapile thata,0
Re boammaaruri ka tokololo,2
batho o kae,1
Re tshiamo ka palamente,2
setšhaba e kagiso thata,2
Batho ba bua ka tshiamelo,1
molao o kae,1
Batho ba bua ka boeteledipele,1
Re boitumelo ka thulaganyo,2
Ke kgatelelo ditshwanelo,0
Batho ba bua ka tonakgolo,1
Ke bona dikgethololo,1
Batho ba bua ka thuto,1
Ke lapile thuto,0
Ke hutsafala kgethololo,0
tonakgolo e botoka thata,2
mmuso e tshiamo thata,2
palamente o kae,1
tshiamelo o dira thabo,2
Ke kutlwelobotlhoko molao,0
molao o kae,1
Ke tshiamo tokololo,2
Batho ba bua ka dikgethololo,1
Re monate ka palamente,2
Batho ba itumelela modulasetilo,2
Re thabo ka thuto,2
setšhaba o dira kgatelelo,0
Ke bona palamente,1
Batho ba bua ka dikgethololo,1
puso o kae,1
Batho ba bua ka palamente,1
Ke bona tshiamelo,1
tshiamelo e tlhong thata,0
Ke maswe puso,0
setšhaba o dira bogale,0
Ke kgalefo puso,0
ikonomi e teng,1
Ke tlhaelo modulasetilo,0
Ke bona tonakgolo,1
batho o dira kgatelelo,0
thuto o kae,1
thuto o dira dikgwetlho,0
tokololo o kae,1
tokololo o kae,1
Re bogale ka boitekanelo,0
Ke tlhokafalo kgethololo,0
Batho ba bua ka tokololo,1
palamente e mathata thata,0
puso e siame thata,2
Re itse tokololo,1
Batho ba boitumelo setšhaba,2
Ke dikgwetlho palamente,0
Batho ba tlhaelo ikonomi,0
setšhaba e teng,1
Re itse molao,1
Batho ba bua ka batho,1
Batho ba kgotla dikgethololo,2
Batho ba bua ka puso,1
Re itumelela ka polotiki,2
Batho ba monate setšhaba,2
Batho ba lapile boeteledipele,0
Batho ba dikgwetlho tshiamelo,0
Batho ba mathata puso,0
Batho ba tlhong kgethololo,0
setšhaba o kae,1
Re dikgwetlho ka mmuso,0
tshiamelo e teng,1
Re botlhoko ka puso,0
Re pabalesego ka modulasetilo,2
setšhaba o dira kgalefo,0
Batho ba rata puso,2
Re itse tshiamelo,1
Re tlhong ka thuto,0
Batho ba bua ka palamente,1
Ke bona boitekanelo,1
Batho ba boammaaruri ikonomi,2
Batho ba tlhaelo batho,0
Ke bosula setšhaba,0
puso e mathata thata,0
Ke boitumelo batho,2
Re itse molao,1
ikonomi o dira thabo,2
Re pabalesego ka mmuso,2
ikonomi e teng,1
palamente o dira bogale,0
Ke botoka tshiamelo,2
palamente e teng,1
tonakgolo e tshiamo thata,2
dikgethololo e boikepo thata,0
tokololo o dira boferefere,0
Re lapile ka mmuso,0
Batho ba thabo setšhaba,2
Re itumelela ka lekgotla,2
Re itse molao,1
Ke bona batho,1
Re itse palamente,1
Ke tshiamo dikgethololo,2
Batho ba kagiso kgethololo,2
lekgotla o dira molemo,2
Re itse puso,1
Re tlhokafalo ka setšhaba,0
Ke kagiso lekgotla,2
Re itse boitekanelo,1
tonakgolo e siame thata,2
tshiamelo e sentle thata,2
Re itumelela ka setšhaba,2
molao e teng,1
Re siame ka polotiki,2
Re kgatelelo ka ditshwanelo,0
Batho ba bogale thulaganyo,0
puso o kae,1
Re thabo ka molao,2
Re itse polotiki,1
Ke boikepo puso,0
tshiamelo o dira pabalesego,2
Re itse mmuso,1
Ke mathata boitekanelo,0
kgethololo o dira molemo,2
dikgethololo e sentle thata,2
Batho ba kgotso dikgethololo,2
polotiki o kae,1
Ke maswe ditshwanelo,0
Batho ba boikepo tonakgolo,0
Re itse tshiamelo,1
Re itse lekgotla,1
setšhaba e teng,1
kgethololo o kae,1
lekgotla e molemo thata,2
Ke monate ditshwanelo,2
Re kagiso ka tshiamelo,2
Re itse ditshwanelo,1
Batho ba bua ka batho,1
Re itse setšhaba,1
thuto o kae,1
Re itse setšhaba,1
Ke kgalefo palamente,0
Batho ba kgatelelo polotiki,0
Re monate ka ikonomi,2
Batho ba tlhokafalo ikonomi,0
Batho ba bua ka palamente,1
Batho ba kgotso boitekanelo,2
mmuso o kae,1
Ke mathata ditshwanelo,0
modulasetilo e botoka thata,2
puso e teng,1
setšhaba o kae,1
Batho ba boitumelo ikonomi,2
Re rata ka polotiki,2
Re mathata ka modulasetilo,0
kgethololo e teng,1
Batho ba bua ka thulaganyo,1
Ke bona puso,1
Ke tshiamo boeteledipele,2
Batho ba itumelela molao,2
Batho ba bosula boeteledipele,0
kgethololo o dira kagiso,2
Re itse polotiki,1
Re itse polotiki,1
Re itse polotiki,1
Re botoka ka ikonomi,2
polotiki o kae,1
Batho ba lapile modulasetilo,0
modulasetilo o dira bogale,0
modulasetilo e bosula thata,0
Ke bona ditshwanelo,1
Re lapile ka dikgethololo,0
puso e thabo thata,2
boitekanelo e siame thata,2
boitekanelo e rata thata,2
batho o dira siame,2
Re itse batho,1
Ke itumelela palamente,2
batho e boikepo thata,0
tokololo e dikgwetlho thata,0
palamente e boferefere thata,0
Batho ba boitumelo molao,2
puso e tlhong thata,0
Batho ba bua ka tshiamelo,1
Ke bona dikgethololo,1
Batho ba bua ka kgethololo,1
Batho ba boferefere setšhaba,0
Ke bona puso,1
palamente o kae,1
Re pabalesego ka mmuso,2
Ke bona mmuso,1
Ke bona thulaganyo,1
Ke kgotla setšhaba,2
Ke bona setšhaba,1
Ke itumelela thuto,2
Batho ba boammaaruri tokololo,2
tonakgolo o kae,1
Re tlhong ka ikonomi,0
Ke bona boeteledipele,1
Ke tlhokafalo molao,0
Re itse polotiki,1
Re itse tshiamelo,1
thulaganyo e teng,1
Ke bona boitekanelo,1
thulaganyo e pabalesego thata,2
Ke bona boeteledipele,1
Re maswe ka thuto,0
Re kgotla ka setšhaba,2
Batho ba bua ka modulasetilo,1
Ke bona ikonomi,1
Batho ba bua ka tonakgolo,1
ditshwanelo e bosula thata,0
thuto o dira itumelela,2
Batho ba bua ka boeteledipele,1
dikgethololo o kae,1
Batho ba kgatelelo tshiamelo,0
Ke bona puso,1
mmuso e teng,1
kgethololo e kutlwelobotlhoko thata,0
palamente e bosula thata,0
Re pabalesego ka tonakgolo,2
Ke bosula mmuso,0
mmuso e botoka thata,2
polotiki e bogale thata,0
tshiamelo e hutsafala thata,0
Re itse ditshwanelo,1
Re bosula ka ikonomi,0
Re boferefere ka tonakgolo,0
Batho ba thabo mmuso,2
mmuso o kae,1
Ke kgotso setšhaba,2
Re botlhoko ka mmuso,0
Batho ba kutlwelobotlhoko ditshwanelo,2
polotiki e teng,1
Ke pabalesego thuto,2
boeteledipele e tlhokafalo thata,0
Batho ba bua ka puso,1
thulaganyo e mathata thata,0
setšhaba o kae,1
Ke siame boitekanelo,2
palamente o dira itumelela,2
Ke bona thulaganyo,1
Ke kagiso lekgotla,2
Re tshiamo ka tshiamelo,2
molao o dira sentle,2
tonakgolo e kgatelelo thata,0
Re maswe ka palamente,0
Batho ba bua ka thuto,1
mmuso e maswe thata,0
tonakgolo o dira rata,2
Batho ba boferefere boeteledipele,0
lekgotla o kae,1
Re boammaaruri ka setšhaba,2
puso o dira hutsafala,0
Batho ba bogale kgethololo,0
Re itse tonakgolo,1
batho e mathata thata,0
Ke lapile boitekanelo,0
tshiamelo e botoka thata,2
tshiamelo o dira boammaaruri,2
ditshwanelo o dira kutlwelobotlhoko,0
boeteledipele o dira lapile,0
Batho ba bua ka ikonomi,1
Re hutsafala ka batho,0
puso e boitumelo thata,2
Ke bona boitekanelo,1
Re tlhokafalo ka tshiamelo,0
Batho ba bua ka ikonomi,1
Batho ba itumelela batho,2
modulasetilo o kae,1
molao o dira lapile,0
ikonomi e monate thata,2
Re boitumelo ka modulasetilo,2
Re tlhaelo ka ikonomi,0
polotiki o dira kutlwelobotlhoko,0
lekgotla o kae,1
boeteledipele o dira hutsafala,0
lekgotla e teng,1
ikonomi o dira boferefere,0
dikgethololo e teng,1
Batho ba mathata dikgethololo,0
thulaganyo e siame thata,2
mmuso e tlhong thata,0
kgethololo o dira pabalesego,2
Batho ba bua ka ditshwanelo,1
kgethololo o dira kutlwelobotlhoko,2
Ke bona lekgotla,1
Batho ba botoka thuto,2
Ke boammaaruri tonakgolo,2
ikonomi e teng,1
Re itse tonakgolo,1
mmuso o kae,1
modulasetilo e teng,1
ikonomi e kutlwelobotlhoko thata,2
Ke bona modulasetilo,1
boeteledipele e teng,1
Ke molemo kgethololo,2
Re thabo ka boitekanelo,2
Ke bona mmuso,1
Batho ba botoka mmuso,2
setšhaba o dira kutlwelobotlhoko,2
kgethololo e teng,1
ikonomi o dira siame,2
Batho ba bua ka modulasetilo,1
modulasetilo e kgotla thata,2
Re itse tokololo,1
tonakgolo e tlhokafalo thata,0
Batho ba monate kgethololo,2
lekgotla o kae,1
tshiamelo e teng,1
tshiamelo e teng,1
setšhaba o kae,1
setšhaba e siame thata,2
Re kgotla ka dikgethololo,2
tshiamelo o dira molemo,2
Re dikgwetlho ka dikgethololo,0
boeteledipele o kae,1
Batho ba botoka tonakgolo,2
Ke bona kgethololo,1
palamente e teng,1
Ke bona kgethololo,1
polotiki e teng,1
Batho ba bua ka ditshwanelo,1
Batho ba kgotso palamente,2
Batho ba siame tshiamelo,2
Re itse dikgethololo,1
polotiki o dira tlhokafalo,0
Re itse boitekanelo,1
Re itse palamente,1
Re itse kgethololo,1
Batho ba tlhokafalo molao,0
Batho ba dikgwetlho polotiki,0
Re siame ka kgethololo,2
puso o kae,1
Re itse modulasetilo,1
tokololo o dira monate,2
polotiki e teng,1
lekgotla o dira botoka,2
polotiki o kae,1
Ke bona setšhaba,1
boitekanelo e boferefere thata,0
Ke botoka boitekanelo,2
thulaganyo e teng,1
Re itse ikonomi,1
Ke kutlwelobotlhoko polotiki,0
puso e mathata thata,0
boeteledipele o dira rata,2
Batho ba bua ka setšhaba,1
ditshwanelo e lapile thata,0
mmuso o dira kutlwelobotlhoko,0
palamente e bogale thata,0
Re boammaaruri ka kgethololo,2
Ke kutlwelobotlhoko dikgethololo,0
palamente o dira kutlwelobotlhoko,0
Batho ba bua ka mmuso,1
Ke boitumelo mmuso,2
Re boitumelo ka molao,2
Batho ba kgotso modulasetilo,2
Ke boferefere puso,0
Ke bogale boeteledipele,0
Ke botlhoko mmuso,0
Re itse tonakgolo,1
Batho ba maswe thuto,0
Re itse lekgotla,1
Batho ba thabo tshiamelo,2
ikonomi o kae,1
tshiamelo e boikepo thata,0
boitekanelo e itumelela thata,2
Re botlhoko ka thulaganyo,0
kgethololo o dira kgalefo,0
Batho ba tlhong tonakgolo,0
Batho ba bosula polotiki,0
Batho ba lapile tshiamelo,0
Re pabalesego ka ditshwanelo,2
Batho ba bua ka tshiamelo,1
Ke bona palamente,1
Batho ba bua ka molao,1
tshiamelo e itumelela thata,2
Re sentle ka kgethololo,2
tonakgolo e hutsafala thata,0
molao o kae,1
Batho ba bua ka thulaganyo,1
boeteledipele o dira tshiamo,2
Batho ba bua ka boeteledipele,1
Batho ba kgotso boitekanelo,2
Batho ba kutlwelobotlhoko tshiamelo,2
dikgethololo e kgatelelo thata,0
Re maswe ka dikgethololo,0
dikgethololo o dira kgalefo,0
Re tlhokafalo ka batho,0
lekgotla o kae,1
Ke lapile tshiamelo,0
Re itse tshiamelo,1
Batho ba botoka modulasetilo,2
Re botoka ka tshiamelo,2
Ke bona dikgethololo,1
modulasetilo e itumelela thata,2
Ke tlhong ditshwanelo,0
Re tlhaelo ka thuto,0
setšhaba o kae,1
Re kgotla ka modulasetilo,2
lekgotla o dira boikepo,0
Re sentle ka polotiki,2
Ke hutsafala boitekanelo,0
Ke kgotso boitekanelo,2
Batho ba botlhoko ditshwanelo,0
Re molemo ka molao,2
Batho ba tlhaelo tokololo,0
Batho ba boikepo polotiki,0
Ke bona batho,1
Ke bona boitekanelo,1
Batho ba tlhokafalo dikgethololo,0
tonakgolo o dira pabalesego,2
Ke boitumelo tonakgolo,2
Batho ba bua ka thulaganyo,1
tonakgolo o dira mathata,0
kgethololo o dira siame,2
Ke bona ikonomi,1
thulaganyo e dikgwetlho thata,0
Ke tlhaelo boitekanelo,0
Batho ba boferefere tshiamelo,0
Ke kgotso palamente,2
molao o kae,1
Batho ba bua ka tshiamelo,1
Ke pabalesego tonakgolo,2
batho o dira botoka,2
molao e boammaaruri thata,2
palamente e boammaaruri thata,2
Ke bona molao,1
Ke bogale tonakgolo,0
Batho ba bua ka thuto,1
boitekanelo o dira dikgwetlho,0
mmuso o kae,1
Re tlhaelo ka setšhaba,0
Batho ba kutlwelobotlhoko mmuso,0
Ke tshiamo ikonomi,2
Re itse ditshwanelo,1
Re itse tokololo,1
Batho ba thabo kgethololo,2
tokololo o dira hutsafala,0
polotiki e kagiso thata,2
Ke hutsafala polotiki,0
Ke bona ikonomi,1
Batho ba kgatelelo setšhaba,0
Ke bona polotiki,1
Batho ba bua ka molao,1
palamente o kae,1
boitekanelo e kgotso thata,2
Ke rata thuto,2
polotiki o dira thabo,2
Batho ba bua ka boitekanelo,1
mmuso o dira botoka,2
Batho ba bua ka setšhaba,1
Re itse tokololo,1
polotiki o kae,1
lekgotla o kae,1
molao e bosula thata,0
mmuso o dira pabalesego,2
Ke dikgwetlho ditshwanelo,0
Batho ba boferefere setšhaba,0
Re molemo ka setšhaba,2
Ke molemo dikgethololo,2
Batho ba bua ka palamente,1
Re botoka ka tokololo,2
Re itse ikonomi,1
boitekanelo o dira kgalefo,0
Ke lapile palamente,0
dikgethololo o kae,1
Ke bona tshiamelo,1
boitekanelo e teng,1
Batho ba bua ka kgethololo,1
Batho ba siame thuto,2
Batho ba kagiso tonakgolo,2
Ke kgatelelo tokololo,0
Re boferefere ka palamente,0
Re itse dikgethololo,1
Re itse modulasetilo,1
Batho ba pabalesego polotiki,2
Re boitumelo ka batho,2
Re dikgwetlho ka ditshwanelo,0
Batho ba boikepo ikonomi,0
Ke kgalefo polotiki,0
Ke kutlwelobotlhoko boitekanelo,0
tshiamelo e rata thata,2
puso e teng,1
Ke kutlwelobotlhoko kgethololo,2
Batho ba bua ka boeteledipele,1
Batho ba rata boeteledipele,2
Ke bogale thulaganyo,0
ikonomi e teng,1
modulasetilo o kae,1
Ke tshiamo dikgethololo,2
Re itse polotiki,1
Ke botoka thulaganyo,2
Ke tlhaelo palamente,0
Batho ba bua ka thulaganyo,1
tonakgolo o kae,1
ikonomi e rata thata,2
Re itse batho,1
Ke bona kgethololo,1
Re siame ka setšhaba,2
Ke kgotso thulaganyo,2
Batho ba bua ka dikgethololo,1
Batho ba molemo polotiki,2
Ke bona boeteledipele,1
molao e teng,1
kgethololo e teng,1
Batho ba bua ka boitekanelo,1
Ke molemo kgethololo,2
Re tlhokafalo ka batho,0
Ke molemo setšhaba,2
boeteledipele o dira mathata,0
Batho ba boferefere lekgotla,0
mmuso e kgotla thata,2
Ke bona molao,1
Re itse dikgethololo,1
Ke rata mmuso,2
thulaganyo e teng,1
Ke tshiamo batho,2
Batho ba bosula modulasetilo,0
Re itse thuto,1
Re itse puso,1
Batho ba botlhoko lekgotla,0
Ke bona kgethololo,1
Batho ba kutlwelobotlhoko dikgethololo,2
Batho ba bua ka boeteledipele,1
thuto e lapile thata,0
Re bogale ka modulasetilo,0
Batho ba kutlwelobotlhoko dikgethololo,0
polotiki o kae,1
Batho ba bua ka thuto,1
puso o kae,1
Batho ba molemo ditshwanelo,2
Ke siame ditshwanelo,2
Re kgotso ka thulaganyo,2
palamente o dira boitumelo,2
Ke kgatelelo tokololo,0
Ke thabo modulasetilo,2
tshiamelo o dira pabalesego,2
Batho ba boikepo setšhaba,0
Batho ba bua ka ditshwanelo,1
Batho ba pabalesego boitekanelo,2
puso e tlhong thata,0
lekgotla o dira tshiamo,2
Batho ba bua ka tonakgolo,1
Re itse palamente,1
Re itse dikgethololo,1
Ke kagiso thulaganyo,2
Batho ba bua ka thuto,1
Ke bosula ikonomi,0
Re itse thuto,1
dikgethololo e monate thata,2
Ke monate modulasetilo,2
Ke bona dikgethololo,1
Batho ba bogale ikonomi,0
Ke kutlwelobotlhoko boeteledipele,0
tonakgolo e boikepo thata,0
Ke bona modulasetilo,1
Ke kutlwelobotlhoko palamente,2
boitekanelo o dira boferefere,0
tokololo o dira tlhaelo,0
ditshwanelo o dira kutlwelobotlhoko,2
Batho ba tlhokafalo boitekanelo,0
ikonomi o dira kutlwelobotlhoko,2
Ke kagiso molao,2
lekgotla e itumelela thata,2
Re rata ka thulaganyo,2
setšhaba o dira boammaaruri,2
Batho ba bua ka mmuso,1
tshiamelo e teng,1
Batho ba boitumelo dikgethololo,2
tshiamelo e tlhaelo thata,0
polotiki e molemo thata,2
Re itse boeteledipele,1
Re itse puso,1
polotiki e bogale thata,0
Re itse modulasetilo,1
polotiki e sentle thata,2
modulasetilo o dira tlhong,0
tokololo e teng,1
molao e tlhokafalo thata,0
Ke bona thulaganyo,1
Re itse thuto,1
boeteledipele o dira tlhong,0
kgethololo o dira kgalefo,0
Re pabalesego ka boeteledipele,2
Ke bona setšhaba,1
Batho ba boferefere puso,0
thuto o dira kgotso,2
Re thabo ka molao,2
tokololo e teng,1
Batho ba boitumelo tonakgolo,2
batho e lapile thata,0
Batho ba bua ka batho,1
setšhaba e bosula thata,0
tokololo o dira kagiso,2
Batho ba botlhoko thuto,0
polotiki e teng,1
Batho ba bua ka dikgethololo,1
Batho ba bua ka thulaganyo,1
Re boammaaruri ka palamente,2
Batho ba bua ka tshiamelo,1
tokololo o dira bogale,0
Re hutsafala ka kgethololo,0
Batho ba kutlwelobotlhoko thuto,2
tshiamelo e teng,1
Batho ba bua ka thuto,1
molao e kagiso thata,2
Ke bona dikgethololo,1
Re boitumelo ka setšhaba,2
Ke sentle ditshwanelo,2
ditshwanelo e kgotso thata,2
Re monate ka ikonomi,2
dikgethololo o kae,1
mmuso e teng,1
Re mathata ka palamente,0
Ke bona lekgotla,1
Ke bona setšhaba,1
thuto o dira siame,2
Batho ba siame dikgethololo,2
Batho ba itumelela thuto,2
Ke hutsafala ditshwanelo,0
tonakgolo e dikgwetlho thata,0
setšhaba o dira boitumelo,2
Re itse kgethololo,1
Re itse puso,1
mmuso e siame thata,2
Re itse boeteledipele,1
ditshwanelo e boikepo thata,0
polotiki o kae,1
thulaganyo e kagiso thata,2
boitekanelo e molemo thata,2
Batho ba lapile tokololo,0
Ke kgotso palamente,2
Re itse puso,1
kgethololo o dira tlhokafalo,0
Batho ba bosula palamente,0
tshiamelo e kutlwelobotlhoko thata,2
batho e teng,1
Re itse dikgethololo,1
ikonomi e teng,1
thuto e teng,1
modulasetilo e teng,1
thuto e boammaaruri thata,2
dikgethololo e teng,1
Batho ba bua ka boitekanelo,1
lekgotla e kgotla thata,2
Re kgotso ka puso,2
tokololo e teng,1
lekgotla o kae,1
Batho ba hutsafala palamente,0
tonakgolo o kae,1
Ke botlhoko ditshwanelo,0
Ke kgotla setšhaba,2
Re itse tokololo,1
tonakgolo e kgalefo thata,0
Ke bona puso,1
Batho ba bua ka kgethololo,1
polotiki e lapile thata,0
modulasetilo o kae,1
Re bogale ka lekgotla,0
Ke tshiamo batho,2
Ke bona molao,1
Re dikgwetlho ka tokololo,0
palamente o kae,1
Re itse ditshwanelo,1
Batho ba tlhong molao,0
Batho ba bua ka kgethololo,1
Batho ba bua ka kgethololo,1
boeteledipele e tlhokafalo thata,0
Ke botoka ditshwanelo,2
lekgotla e bosula thata,0
Ke boikepo modulasetilo,0
mmuso e dikgwetlho thata,0
Ke hutsafala puso,0
thulaganyo o dira maswe,0
Re botlhoko ka dikgethololo,0
tokololo e thabo thata,2
Batho ba kutlwelobotlhoko dikgethololo,0
Batho ba bua ka tshiamelo,1
Ke kgotla boitekanelo,2
tshiamelo o kae,1
Ke kutlwelobotlhoko boitekanelo,2
molao e rata thata,2
tokololo o dira sentle,2
Batho ba bogale batho,0
Re itse setšhaba,1
Re sentle ka ditshwanelo,2
ikonomi o dira itumelela,2
Re boammaaruri ka thuto,2
palamente e siame thata,2
Batho ba bua ka puso,1
batho o dira maswe,0
Ke rata modulasetilo,2
Re tlhaelo ka ikonomi,0
Ke boikepo ikonomi,0
thuto e teng,1
Batho ba siame tonakgolo,2
tshiamelo e kgalefo thata,0
Batho ba mathata ikonomi,0
boitekanelo e thabo thata,2
Ke sentle ditshwanelo,2
Batho ba bua ka tokololo,1
Ke kgotso tokololo,2
thuto o dira boferefere,0
Re kgatelelo ka modulasetilo,0
ditshwanelo e boitumelo thata,2
thulaganyo o dira itumelela,2
Batho ba itumelela modulasetilo,2
Batho ba botlhoko puso,0
modulasetilo o kae,1
Re tshiamo ka modulasetilo,2
tokololo e maswe thata,0
Batho ba bua ka tonakgolo,1
Batho ba kgotso lekgotla,2
tokololo o dira maswe,0
thuto e siame thata,2
dikgethololo o kae,1
Ke bona mmuso,1
mmuso e kagiso thata,2
Re monate ka kgethololo,2
dikgethololo o dira tlhong,0
tokololo o dira boferefere,0
ikonomi e maswe thata,0
Re itse tonakgolo,1
Re dikgwetlho ka tokololo,0
Ke kgatelelo thulaganyo,0
Ke boammaaruri modulasetilo,2
mmuso e kgatelelo thata,0
Ke tlhaelo puso,0
Re bogale ka ikonomi,0
boeteledipele e boitumelo thata,2
Ke mathata tokololo,0
Batho ba tshiamo thulaganyo,2
Ke sentle molao,2
Ke bogale puso,0
Ke hutsafala mmuso,0
tonakgolo o dira kgotla,2
tonakgolo e teng,1
Re hutsafala ka tonakgolo,0
ikonomi e teng,1
Batho ba botoka thulaganyo,2
dikgethololo o dira tshiamo,2
Re itse mmuso,1
tokololo o kae,1
Batho ba thabo boeteledipele,2
Batho ba maswe mmuso,0
Ke monate puso,2
Masisi o dira tiro e molemo mo pusong,2
BDP e tsweletse ka thulaganyo e e siameng,2
Palamente e dirile ditshwetso tse di siameng,2
Batswana ba itumelela kgolo ya ikonomi,2
Mmuso o thusa batho ka mananeo a thuto,2
Kgotso e teng mo Botswana,2
The government is doing excellent work for development,2
I love how Botswana maintains peace and stability,2
BDP's policies are really helping the economy grow,2
Masisi's leadership brings hope to batho,2
Parliament passed good laws for ditshwanelo,2
Mmuso o paletswe ke go rarabolola mathata,0
Boferefere bo ntse bo le teng mo pusong,0
Batho ba hutsafetse ka maemo a ikonomi,0
Dikgwetlho tsa tlhokafalo di oketsegile,0
Palamente ga e dire sepe go thusa setšhaba,0
The government has failed batho badly,0
Corruption is destroying our beautiful country,0
I'm disappointed with the current leadership,0
BDP policies are causing more mathata for people,0
"Politicians only care about themselves, not batho",0
Palamente e kopane gompieno go sekaseka molao,1
Masisi o ne a bua ka thulaganyo ya naga,1
BDP le UDC ba tla kopana mo kgotleng,1
Batswana ba tla tlhopha mo dikgetholong,1
Mmuso o tla itsise ka tshwetso ya bone,1
Parliament will discuss the new budget today,1
The election date has been announced,1
Political parties are preparing for campaigns,1
Citizens will vote for their preferred candidates,1
Government officials met with traditional leaders,1
